"","ID","purity"
"1","sample_20130711_Cytoscan_MM293_(CytoScanHD_Array)",0.79
"2","sample_20130711_Cytoscan_MM294_(CytoScanHD_Array)",0.85
"3","sample_20130711_Cytoscan_MM295_(CytoScanHD_Array)",0.78
"4","sample_20130711_Cytoscan_MM296_(CytoScanHD_Array)",0.82
"5","sample_20130711_Cytoscan_MM297_(CytoScanHD_Array)",0.9
"6","sample_20130711_Cytoscan_MM298_(CytoScanHD_Array)",0.93
"7","sample_20130711_Cytoscan_MM299_(CytoScanHD_Array)",0.9
"8","sample_20130725_Cytoscan_MM300_(CytoScanHD_Array)",0.66
"9","sample_20130725_Cytoscan_MM301_(CytoScanHD_Array)",0.57
"10","sample_20130725_Cytoscan_MM302_(CytoScanHD_Array)",0.73
"11","sample_20130725_Cytoscan_MM303_(CytoScanHD_Array)",0.72
"12","sample_20130731_Cytoscan_MM304_(CytoScanHD_Array)",0.73
"13","sample_20130731_Cytoscan_MM305_(CytoScanHD_Array)",0.78
"14","sample_20130731_Cytoscan_MM306_(CytoScanHD_Array)",0.75
"15","sample_20130731_Cytoscan_MM308_(CytoScanHD_Array)",0.77
"16","sample_20130731_Cytoscan_MM309_(CytoScanHD_Array)",0.76
"17","sample_20130731_Cytoscan_MM310_(CytoScanHD_Array)",0.79
"18","sample_20130731_Cytoscan_MM311_(CytoScanHD_Array)",0.65
"19","sample_20130731_Cytoscan_MM312_(CytoScanHD_Array)",0.82
"20","sample_20130731_Cytoscan_MM314_(CytoScanHD_Array)_2",0.74
"21","sample_20130731_Cytoscan_MM315_(CytoScanHD_Array)",0.69
"22","sample_20131001_Cytoscan_MM316_(CytoScanHD_Array)",0.75
"23","sample_20131001_Cytoscan_MM317_(CytoScanHD_Array)",0.81
"24","sample_20131001_Cytoscan_MM318_(CytoScanHD_Array)",0.79
"25","sample_20131001_Cytoscan_MM319_(CytoScanHD_Array)",0.75
"26","sample_20131001_Cytoscan_MM321_(CytoScanHD_Array)",0.71
"27","sample_20131001_Cytoscan_MM322_(CytoScanHD_Array)",0.58
"28","sample_20131001_Cytoscan_MM323_(CytoScanHD_Array)",0.76
"29","sample_20131104_Cytoscan_MM324_(CytoScanHD_Array)",0.87
"30","sample_20131104_Cytoscan_MM325_(CytoScanHD_Array)",0.83
"31","sample_20131104_Cytoscan_MM326_(CytoScanHD_Array)",0.58
"32","sample_20131104_Cytoscan_MM329_(CytoScanHD_Array)",0.83
"33","sample_20131104_Cytoscan_MM330_(CytoScanHD_Array)",0.61
"34","sample_20131104_Cytoscan_MM331_(CytoScanHD_Array)",0.79
"35","sample_20131105_Cytoscan_MM339_(CytoScanHD_Array)",0.76
"36","sample_20131105_Cytoscan_MM340_(CytoScanHD_Array)",0.83
"37","sample_20131105_Cytoscan_MM341_(CytoScanHD_Array)",0.83
"38","sample_20131105_Cytoscan_MM342_(CytoScanHD_Array)",0.71
"39","sample_20131105_Cytoscan_MM343_(CytoScanHD_Array)",0.87
"40","sample_20131105_Cytoscan_MM344_(CytoScanHD_Array)",0.78
"41","sample_20131105_Cytoscan_MM345_(CytoScanHD_Array)",0.92
"42","sample_20131125_Cytoscan_MM_346_(CytoScanHD_Array)",0.83
"43","sample_20131125_Cytoscan_MM_347_(CytoScanHD_Array)",0.71
"44","sample_20131125_Cytoscan_MM_349_(CytoScanHD_Array)",0.84
"45","sample_20131125_Cytoscan_MM_350_(CytoScanHD_Array)",0.73
"46","sample_20131125_Cytoscan_MM_351_(CytoScanHD_Array)",0.75
"47","sample_20131125_Cytoscan_MM_352_(CytoScanHD_Array)",0.82
"48","sample_20131125_Cytoscan_MM_353_(CytoScanHD_Array)",0.72
"49","sample_20131126_Cytoscan_MM_354_(CytoScanHD_Array)",0.64
"50","sample_20131126_Cytoscan_MM_355_(CytoScanHD_Array)",0.8
"51","sample_20131126_Cytoscan_MM_356_(CytoScanHD_Array)",0.88
"52","sample_20131126_Cytoscan_MM_357_(CytoScanHD_Array)",0.5
"53","sample_20131126_Cytoscan_MM_359_(CytoScanHD_Array)",0.72
"54","sample_20131126_Cytoscan_MM_360_(CytoScanHD_Array)",0.84
"55","sample_20131126_Cytoscan_MM_361_(CytoScanHD_Array)",0.89
"56","sample_20131209_Cytoscan_MM_363_(CytoScanHD_Array)",0.9
"57","sample_20131209_Cytoscan_MM_364_(CytoScanHD_Array)",0.78
"58","sample_20131209_Cytoscan_MM_365_(CytoScanHD_Array)",0.86
"59","sample_20131209_Cytoscan_MM_366_(CytoScanHD_Array)",0.64
"60","sample_20131209_Cytoscan_MM_367_(CytoScanHD_Array)",0.92
"61","sample_20131209_Cytoscan_MM_368_(CytoScanHD_Array)",0.76
"62","sample_20131209_Cytoscan_MM_369_(CytoScanHD_Array)",0.65
"63","sample_20140107_Cytoscan_MM_Flores_370_(CytoScanHD_Array)",0.76
"64","sample_20140107_Cytoscan_MM_Flores_371_(CytoScanHD_Array)",0.64
"65","sample_20140107_Cytoscan_MM_Flores_372_(CytoScanHD_Array)",0.81
"66","sample_20140204_MART_MM_Cyto374_(CytoScanHD_Array)",0.88
"67","sample_20140204_MART_MM_Cyto375_(CytoScanHD_Array)",0.87
"68","sample_20140204_MART_MM_Cyto376_(CytoScanHD_Array)",0.98
"69","sample_20140204_MART_MM_Cyto377_(CytoScanHD_Array)",0.72
"70","sample_20140204_MART_MM_Cyto379_(CytoScanHD_Array)",0.78
"71","sample_20140204_MART_MM_Cyto380_(CytoScanHD_Array)",0.71
"72","sample_20140217_MART_MM_Cyto381_(CytoScanHD_Array)",0.47
"73","sample_20140217_MART_MM_Cyto382_(CytoScanHD_Array)",0.87
"74","sample_20140217_MART_MM_Cyto383_(CytoScanHD_Array)",0.84
"75","sample_20140217_MART_MM_Cyto385_(CytoScanHD_Array)",0.76
"76","sample_20140217_MART_MM_Cyto386_(CytoScanHD_Array)",0.94
"77","sample_20140310_MART_MM_Cyto388_(CytoScanHD_Array)",0.87
"78","sample_20140310_MART_MM_Cyto389_(CytoScanHD_Array)",0.76
"79","sample_20140310_MART_MM_Cyto391_(CytoScanHD_Array)",0.88
"80","sample_20140310_MART_MM_Cyto392_(CytoScanHD_Array)",0.8
"81","sample_20140310_MART_MM_Cyto393_(CytoScanHD_Array)",0.87
"82","sample_20140310_MART_MM_Cyto394_(CytoScanHD_Array)",0.84
"83","sample_20140319_MART_MM_Cyto396_(CytoScanHD_Array)",0.81
"84","sample_20140319_MART_MM_Cyto397_(CytoScanHD_Array)",0.72
"85","sample_20140319_MART_MM_Cyto399_(CytoScanHD_Array)",0.86
"86","sample_20140319_MART_MM_Cyto400_(CytoScanHD_Array)",0.83
"87","sample_20140319_MART_MM_Cyto401_(CytoScanHD_Array)",0.83
"88","sample_20140319_MART_MM_Cyto403_(CytoScanHD_Array)",0.78
"89","sample_20140402_MART_MM_Cyto404_(CytoScanHD_Array)",0.88
"90","sample_20140402_MART_MM_Cyto405_(CytoScanHD_Array)",0.84
"91","sample_20140402_MART_MM_Cyto406_(CytoScanHD_Array)",0.78
"92","sample_20140402_MART_MM_Cyto407_(CytoScanHD_Array)",0.34
"93","sample_20140402_MART_MM_Cyto408_(CytoScanHD_Array)",0.88
"94","sample_20140402_MART_MM_Cyto409_(CytoScanHD_Array)",0.87
"95","sample_20140402_MART_MM_Cyto410_(CytoScanHD_Array)",0.71
"96","sample_20140402_MART_MM_Cyto411_(CytoScanHD_Array)",0.8
"97","sample_20140414_MART_MM_Cyto412_(CytoScanHD_Array)",0.49
"98","sample_20140414_MART_MM_Cyto413_(CytoScanHD_Array)",0.68
"99","sample_20140414_MART_MM_Cyto414_(CytoScanHD_Array)",0.87
"100","sample_20140414_MART_MM_Cyto415_(CytoScanHD_Array)",0.8
"101","sample_20140527_MART_MM_Cyto416_(CytoScanHD_Array)",0.74
"102","sample_20140527_MART_MM_Cyto417_(CytoScanHD_Array)",0.86
"103","sample_20140527_MART_MM_Cyto418_(CytoScanHD_Array)",0.85
"104","sample_20140527_MART_MM_Cyto419_(CytoScanHD_Array)",0.86
"105","sample_20140527_MART_MM_Cyto420_(CytoScanHD_Array)",0.83
"106","sample_20140527_MART_MM_Cyto421_(CytoScanHD_Array)",0.89
"107","sample_20140616_MART_MM_Cyto422_(CytoScanHD_Array)",0.73
"108","sample_20140616_MART_MM_Cyto423_(CytoScanHD_Array)",0.62
"109","sample_20140616_MART_MM_Cyto424_(CytoScanHD_Array)",0.8
"110","sample_20140616_MART_MM_Cyto426_(CytoScanHD_Array)",0.78
"111","sample_20140616_MART_MM_Cyto427_(CytoScanHD_Array)",0.79
"112","sample_20140616_MART_MM_Cyto428_(CytoScanHD_Array)",0.95
"113","sample_20140616_MART_MM_Cyto429_(CytoScanHD_Array)",0.58
"114","sample_20150305_MG_MM_Cyto430_(CytoScanHD_Array)",0.71
"115","sample_20150305_MG_MM_Cyto431_(CytoScanHD_Array)",0.79
"116","sample_20150305_MG_MM_Cyto432_(CytoScanHD_Array)",0.65
"117","sample_20150305_MG_MM_Cyto434_(CytoScanHD_Array)",0.8
"118","sample_20150305_MG_MM_Cyto435_(CytoScanHD_Array)",0.78
"119","sample_20150305_MG_MM_Cyto436_(CytoScanHD_Array)",0.69
"120","sample_20150305_MG_MM_Cyto437_(CytoScanHD_Array)",0.8
"121","sample_20150326_MG_MM_Cyto438_(CytoScanHD_Array)",0.71
"122","sample_20150326_MG_MM_Cyto439_(CytoScanHD_Array)",0.78
"123","sample_20150326_MG_MM_Cyto440_(CytoScanHD_Array)",0.75
"124","sample_20150326_MG_MM_Cyto441_(CytoScanHD_Array)",0.65
"125","sample_20150326_MG_MM_Cyto442_(CytoScanHD_Array)",0.72
"126","sample_20150326_MG_MM_Cyto443_(CytoScanHD_Array)",0.72
"127","sample_20150326_MG_MM_Cyto444_(CytoScanHD_Array)",0.71
"128","sample_20150326_MG_MM_Cyto445_(CytoScanHD_Array)",0.74
"129","sample_20150422_MG_MM_Cyto446_(CytoScanHD_Array)",0.8
"130","sample_20150422_MG_MM_Cyto447_(CytoScanHD_Array)",0.73
"131","sample_20150422_MG_MM_Cyto449_(CytoScanHD_Array)",0.67
"132","sample_20150422_MG_MM_Cyto450_(CytoScanHD_Array)",0.82
"133","sample_20150422_MG_MM_Cyto451_(CytoScanHD_Array)",0.82
"134","sample_20090121_MM01_SNP6.0_(GenomeWideSNP_6)",0.69
"135","sample_20090121_MM02_SNP6.0_(GenomeWideSNP_6)",0.85
"136","sample_20090121_MM03_SNP6.0_(GenomeWideSNP_6)",0.85
"137","sample_20090121_MM05_SNP6.0_(GenomeWideSNP_6)",0.76
"138","sample_20090121_MM06_SNP6.0_(GenomeWideSNP_6)",0.76
"139","sample_20090422_MM7_SNP6.0_(GenomeWideSNP_6)",0.77
"140","sample_20090422_MM8_SNP6.0_(GenomeWideSNP_6)",0.79
"141","sample_20090520_MM10_SNP6.0_(GenomeWideSNP_6)",0.9
"142","sample_20090520_MM11_SNP6.0_(GenomeWideSNP_6)",0.81
"143","sample_20090520_MM13_SNP6.0_(GenomeWideSNP_6)",0.88
"144","sample_20090520_MM14_SNP6.0_(GenomeWideSNP_6)",0.85
"145","sample_20090520_MM9_SNP6.0_(GenomeWideSNP_6)",0.85
"146","sample_20090604_MM15_SNP6.0_(GenomeWideSNP_6)",0.77
"147","sample_20090604_MM16_SNP6.0_(GenomeWideSNP_6)",0.9
"148","sample_20090604_MM17_SNP6.0_(GenomeWideSNP_6)",0.8
"149","sample_20090604_MM18_SNP6.0_(GenomeWideSNP_6)",0.88
"150","sample_20090604_MM19_SNP6.0_(GenomeWideSNP_6)",0.81
"151","sample_20090604_MM21_SNP6.0_(GenomeWideSNP_6)",0.75
"152","sample_20090604_MM22_SNP6.0_(GenomeWideSNP_6)",0.83
"153","sample_20090728_MART_MM_SNP20bis_(GenomeWideSNP_6)",1
"154","sample_20090728_MART_MM_SNP23bis_(GenomeWideSNP_6)",0.84
"155","sample_20090728_MART_MM_SNP24bis_(GenomeWideSNP_6)",0.8
"156","sample_20090728_MART_MM_SNP25_(GenomeWideSNP_6)",0.84
"157","sample_20090728_MART_MM_SNP26_(GenomeWideSNP_6)",0.77
"158","sample_20090728_MART_MM_SNP27_(GenomeWideSNP_6)",0.83
"159","sample_20090728_MART_MM_SNP28_(GenomeWideSNP_6)",0.89
"160","sample_20090728_MART_MM_SNP30_(GenomeWideSNP_6)",0.83
"161","sample_20090728_MART_MM_SNP31_(GenomeWideSNP_6)",0.59
"162","sample_20090728_MART_MM_SNP32_(GenomeWideSNP_6)",1
"163","sample_20090728_MART_MM_SNP33_(GenomeWideSNP_6)",0.97
"164","sample_20100108_MART_MM_SNP42_(GenomeWideSNP_6)",1
"165","sample_20100108_MART_MM_SNP43_(GenomeWideSNP_6)",0.6
"166","sample_20100108_MART_MM_SNP44_(GenomeWideSNP_6)",0.81
"167","sample_20100108_MART_MM_SNP45_(GenomeWideSNP_6)",0.88
"168","sample_20100108_MART_MM_SNP46_(GenomeWideSNP_6)",0.86
"169","sample_20100108_MART_MM_SNP47_(GenomeWideSNP_6)",0.91
"170","sample_20100108_MART_MM_SNP48_(GenomeWideSNP_6)",0.76
"171","sample_20100108_MART_MM_SNP49_(GenomeWideSNP_6)",1
"172","sample_20100108_MART_MM_SNP50_(GenomeWideSNP_6)",0.74
"173","sample_20100108_MART_MM_SNP51_(GenomeWideSNP_6)",0.82
"174","sample_20100108_MART_MM_SNP52_(GenomeWideSNP_6)",0.83
"175","sample_20100108_MART_MM_SNP53_(GenomeWideSNP_6)",0.77
"176","sample_20100205_MART_MM_SNP34_(GenomeWideSNP_6)",0.78
"177","sample_20100205_MART_MM_SNP35_(GenomeWideSNP_6)",0.84
"178","sample_20100205_MART_MM_SNP36_(GenomeWideSNP_6)",0.86
"179","sample_20100205_MART_MM_SNP37_(GenomeWideSNP_6)",0.86
"180","sample_20100205_MART_MM_SNP38_(GenomeWideSNP_6)",1
"181","sample_20100205_MART_MM_SNP39_(GenomeWideSNP_6)_2",0.76
"182","sample_20100205_MART_MM_SNP40_(GenomeWideSNP_6)_2",0.9
"183","sample_20100205_MART_MM_SNP41_(GenomeWideSNP_6)_2",0.91
"184","sample_20100210_MART_MM_SNP54_(GenomeWideSNP_6)",1
"185","sample_20100210_MART_MM_SNP55_(GenomeWideSNP_6)",0.92
"186","sample_20100210_MART_MM_SNP56_(GenomeWideSNP_6)",0.84
"187","sample_20100210_MART_MM_SNP57_(GenomeWideSNP_6)",0.92
"188","sample_20100210_MART_MM_SNP58_(GenomeWideSNP_6)",0.81
"189","sample_20100331_MART_MM_SNP59_(GenomeWideSNP_6)",0.88
"190","sample_20100331_MART_MM_SNP61_(GenomeWideSNP_6)",0.93
"191","sample_20100331_MART_MM_SNP62_(GenomeWideSNP_6)",0.88
"192","sample_20100331_MART_MM_SNP63_(GenomeWideSNP_6)",0.91
"193","sample_20100331_MART_MM_SNP64_(GenomeWideSNP_6)",0.88
"194","sample_20100331_MART_MM_SNP65_(GenomeWideSNP_6)",0.86
"195","sample_20100928_MART_MM_SNP79_(GenomeWideSNP_6)",0.75
"196","sample_20101012_MART_MM_SNP82_(GenomeWideSNP_6)",0.86
"197","sample_20110404_MART_MM_SNP83_(GenomeWideSNP_6)",0.39
"198","sample_20110404_MART_MM_SNP84_(GenomeWideSNP_6)",1
"199","sample_20110419_MART_MM_SNP92_(GenomeWideSNP_6)",0.45
"200","sample_20110419_MART_MM_SNP93_(GenomeWideSNP_6)",0.31
"201","sample_20110517_MART_MM_SNP94_(GenomeWideSNP_6)",0.37
"202","sample_20110517_MART_MM_SNP95_(GenomeWideSNP_6)",1
"203","sample_20110525_MART_MM_SNP92bis_(GenomeWideSNP_6)",0.44
"204","sample_20110525_MART_MM_SNP93bis_(GenomeWideSNP_6)",0.7
"205","sample_20110714_MART_MM_SNP100_(GenomeWideSNP_6)",0.55
"206","sample_20110714_MART_MM_SNP101_(GenomeWideSNP_6)",0.83
"207","sample_20110714_MART_MM_SNP102_(GenomeWideSNP_6)",0.8
"208","sample_20110714_MART_MM_SNP103_(GenomeWideSNP_6)",0.84
"209","sample_20110714_MART_MM_SNP104_(GenomeWideSNP_6)",0.75
"210","sample_20110714_MART_MM_SNP105_(GenomeWideSNP_6)",0.77
"211","sample_20110714_MART_MM_SNP98bis_(GenomeWideSNP_6)",0.86
"212","sample_20110714_MART_MM_SNP99bis_(GenomeWideSNP_6)",0.88
"213","sample_20110905_MART_MM_SNP106_(GenomeWideSNP_6)",0.84
"214","sample_20110905_MART_MM_SNP107_(GenomeWideSNP_6)",0.76
"215","sample_20110905_MART_MM_SNP108_(GenomeWideSNP_6)",0.88
"216","sample_20110905_MART_MM_SNP109_(GenomeWideSNP_6)",0.68
"217","sample_20110905_MART_MM_SNP110_(GenomeWideSNP_6)",0.69
"218","sample_20110905_MART_MM_SNP111_(GenomeWideSNP_6)",0.9
"219","sample_20110905_MART_MM_SNP112_(GenomeWideSNP_6)",0.83
"220","sample_20110905_MART_MM_SNP113_(GenomeWideSNP_6)",0.74
"221","sample_20110905_MART_MM_SNP114_(GenomeWideSNP_6)",0.81
"222","sample_20110920_MART_MM_SNP115_(GenomeWideSNP_6)",0.78
"223","sample_20110920_MART_MM_SNP116_(GenomeWideSNP_6)",0.77
"224","sample_20110920_MART_MM_SNP117_(GenomeWideSNP_6)",0.88
"225","sample_20110920_MART_MM_SNP118_(GenomeWideSNP_6)",1
"226","sample_20110920_MART_MM_SNP119_(GenomeWideSNP_6)",0.84
"227","sample_20110920_MART_MM_SNP121_(GenomeWideSNP_6)",0.79
"228","sample_20110920_MART_MM_SNP122_(GenomeWideSNP_6)",0.82
"229","sample_20110920_MART_MM_SNP123_(GenomeWideSNP_6)",0.69
"230","sample_20110920_MART_MM_SNP124_(GenomeWideSNP_6)",1
"231","sample_20110920_MART_MM_SNP125_(GenomeWideSNP_6)",0.25
"232","sample_20110920_MART_MM_SNP126_(GenomeWideSNP_6)",1
"233","sample_20110920_MART_MM_SNP127_(GenomeWideSNP_6)",0.85
"234","sample_20110920_MART_MM_SNP128_(GenomeWideSNP_6)",1
"235","sample_20110920_MART_MM_SNP129_(GenomeWideSNP_6)",0.58
"236","sample_20110920_MART_MM_SNP130_(GenomeWideSNP_6)",0.61
"237","sample_20110920_MART_MM_SNP131_(GenomeWideSNP_6)",0.81
"238","sample_20110920_MART_MM_SNP132_(GenomeWideSNP_6)",0.88
"239","sample_20110920_MART_MM_SNP133_(GenomeWideSNP_6)",0.59
"240","sample_20110920_MART_MM_SNP134_(GenomeWideSNP_6)",0.87
"241","sample_20110920_MART_MM_SNP135_(GenomeWideSNP_6)",0.61
"242","sample_20110920_MART_MM_SNP136_(GenomeWideSNP_6)",0.9
"243","sample_20111121_MART_MM_SNP137_(GenomeWideSNP_6)",1
"244","sample_20111121_MART_MM_SNP138_(GenomeWideSNP_6)",0.83
"245","sample_20111121_MART_MM_SNP139_(GenomeWideSNP_6)",1
"246","sample_20111121_MART_MM_SNP140_(GenomeWideSNP_6)",0.78
"247","sample_20111121_MART_MM_SNP141_(GenomeWideSNP_6)",0.48
"248","sample_20111121_MART_MM_SNP142_(GenomeWideSNP_6)",0.79
"249","sample_20111121_MART_MM_SNP143_(GenomeWideSNP_6)",0.95
"250","sample_20111121_MART_MM_SNP144_(GenomeWideSNP_6)",0.84
"251","sample_20111121_MART_MM_SNP145_(GenomeWideSNP_6)",0.72
"252","sample_20111121_MART_MM_SNP146_(GenomeWideSNP_6)",1
"253","sample_20111121_MART_MM_SNP147_(GenomeWideSNP_6)",0.34
"254","sample_20111121_MART_MM_SNP148_(GenomeWideSNP_6)",0.76
"255","sample_20111212_MART_MM_SNP149_(GenomeWideSNP_6)",0.49
"256","sample_20111212_MART_MM_SNP153_(GenomeWideSNP_6)",0.74
"257","sample_20111212_MART_MM_SNP154_(GenomeWideSNP_6)",0.65
"258","sample_20111212_MART_MM_SNP155_(GenomeWideSNP_6)",0.82
"259","sample_20111212_MART_MM_SNP156_(GenomeWideSNP_6)",1
"260","sample_20111212_MART_MM_SNP157_(GenomeWideSNP_6)",0.77
"261","sample_20111212_MART_MM_SNP158_(GenomeWideSNP_6)",0.88
"262","sample_20111212_MART_MM_SNP159_(GenomeWideSNP_6)",0.81
"263","sample_20111212_MART_MM_SNP160_(GenomeWideSNP_6)",1
"264","sample_20150422_MG_MM_Cyto452_(CytoScanHD_Array)",0.47
"265","sample_20150519_MG_MM_Cyto453_(CytoScanHD_Array)",0.77
"266","sample_20150519_MG_MM_Cyto454_(CytoScanHD_Array)",0.78
"267","sample_20150519_MG_MM_Cyto455_(CytoScanHD_Array)",0.8
"268","sample_20150519_MG_MM_Cyto456_(CytoScanHD_Array)",0.72
"269","sample_20150519_MG_MM_Cyto457_(CytoScanHD_Array)",0.71
"270","sample_20150519_MG_MM_Cyto458_(CytoScanHD_Array)",0.76
"271","sample_20150519_MG_MM_Cyto459_(CytoScanHD_Array)",0.71
"272","sample_20150519_MG_MM_Cyto460_(CytoScanHD_Array)",0.71
"273","sample_20150519_MG_MM_Cyto461_(CytoScanHD_Array)",0.74
"274","sample_20150519_MG_MM_Cyto464_(CytoScanHD_Array)",0.83
"275","sample_20150519_MG_MM_Cyto465_(CytoScanHD_Array)",0.81
"276","sample_20150519_MG_MM_Cyto467_(CytoScanHD_Array)",0.88
"277","sample_20150623_MART_MM_Cyto462_(CytoScanHD_Array)",0.76
"278","sample_20150623_MART_MM_Cyto468_(CytoScanHD_Array)",1
"279","sample_20150623_MART_MM_Cyto469_(CytoScanHD_Array)",0.78
"280","sample_20150623_MART_MM_Cyto470_(CytoScanHD_Array)",0.78
"281","sample_20150623_MART_MM_Cyto471_(CytoScanHD_Array)",0.89
"282","sample_20150623_MART_MM_Cyto472_(CytoScanHD_Array)",0.69
"283","sample_20150623_MART_MM_Cyto473_(CytoScanHD_Array)",0.72
"284","sample_20150623_MART_MM_Cyto474_(CytoScanHD_Array)",0.81
"285","sample_20150623_MART_MM_Cyto476_(CytoScanHD_Array)",0.9
"286","sample_20150623_MART_MM_Cyto477_(CytoScanHD_Array)",0.72
"287","sample_20150623_MART_MM_Cyto479_(CytoScanHD_Array)",0.76
"288","sample_20150623_MART_MM_Cyto480_(CytoScanHD_Array)",0.71
"289","sample_20150623_MART_MM_Cyto481_(CytoScanHD_Array)",1
"290","sample_20150623_MART_MM_Cyto482_(CytoScanHD_Array)",0.9
"291","sample_20150623_MART_MM_Cyto483_(CytoScanHD_Array)",0.86
"292","sample_20150708_MG_MM_Cyto484_(CytoScanHD_Array)",0.84
"293","sample_20150708_MG_MM_Cyto485_(CytoScanHD_Array)",0.81
"294","sample_20150708_MG_MM_Cyto486_(CytoScanHD_Array)",0.62
"295","sample_20150708_MG_MM_Cyto488_(CytoScanHD_Array)",0.72
"296","sample_20150708_MG_MM_Cyto489_(CytoScanHD_Array)",0.87
"297","sample_20150708_MG_MM_Cyto490_(CytoScanHD_Array)",0.83
"298","sample_20150708_MG_MM_Cyto491_(CytoScanHD_Array)",0.87
"299","sample_20150708_MG_MM_Cyto492_(CytoScanHD_Array)",0.74
"300","sample_20150708_MG_MM_Cyto493_(CytoScanHD_Array)",0.8
"301","sample_20150708_MG_MM_Cyto494_(CytoScanHD_Array)",0.87
"302","sample_20150708_MG_MM_Cyto495_(CytoScanHD_Array)",0.75
"303","sample_20150708_MG_MM_Cyto496_(CytoScanHD_Array)",0.76
"304","sample_20150708_MG_MM_Cyto497_(CytoScanHD_Array)",0.83
"305","sample_20150708_MG_MM_Cyto498_(CytoScanHD_Array)",0.65
"306","sample_20150708_MG_MM_Cyto499_(CytoScanHD_Array)",0.83
"307","sample_20150721_MG_MM_Cyto500_(CytoScanHD_Array)",0.92
"308","sample_20150721_MG_MM_Cyto501_(CytoScanHD_Array)",0.92
"309","sample_20150721_MG_MM_Cyto502_(CytoScanHD_Array)",0.9
"310","sample_20150721_MG_MM_Cyto503_(CytoScanHD_Array)",0.68
"311","sample_20150721_MG_MM_Cyto504_(CytoScanHD_Array)",0.84
"312","sample_20150721_MG_MM_Cyto505_(CytoScanHD_Array)",0.69
"313","sample_20150721_MG_MM_Cyto506_(CytoScanHD_Array)",0.67
"314","sample_20150721_MG_MM_Cyto507_(CytoScanHD_Array)",0.99
"315","sample_20150721_MG_MM_Cyto508_(CytoScanHD_Array)",0.78
"316","sample_20150721_MG_MM_Cyto509_(CytoScanHD_Array)",0.7
"317","sample_20150721_MG_MM_Cyto510_(CytoScanHD_Array)",0.84
"318","sample_20150721_MG_MM_Cyto511_(CytoScanHD_Array)",0.79
"319","sample_20150721_MG_MM_Cyto512_(CytoScanHD_Array)",0.83
"320","sample_20150721_MG_MM_Cyto513_(CytoScanHD_Array)",0.87
"321","sample_20150721_MG_MM_Cyto514_(CytoScanHD_Array)",0.83
"322","sample_20151105_MART_MM_Cyto517_(CytoScanHD_Array)",0.7
"323","sample_20151105_MART_MM_Cyto518_(CytoScanHD_Array)",0.84
"324","sample_20151105_MART_MM_Cyto519_(CytoScanHD_Array)",0.73
"325","sample_20151105_MART_MM_Cyto520_(CytoScanHD_Array)",0.68
"326","sample_20151105_MART_MM_Cyto521_(CytoScanHD_Array)",0.79
"327","sample_20151105_MART_MM_Cyto522_(CytoScanHD_Array)",0.77
"328","sample_20151105_MART_MM_Cyto523_(CytoScanHD_Array)",0.75
"329","sample_20151105_MART_MM_Cyto524_(CytoScanHD_Array)",0.86
"330","sample_20151105_MART_MM_Cyto525_(CytoScanHD_Array)",0.94
"331","sample_20151105_MART_MM_Cyto526_(CytoScanHD_Array)",0.69
"332","sample_20151105_MART_MM_Cyto529_(CytoScanHD_Array)",0.76
"333","sample_20151105_MART_MM_Cyto530_(CytoScanHD_Array)",0.83
"334","sample_20151216_MART_MM_Cyto531_(CytoScanHD_Array)",0.86
"335","sample_20151216_MART_MM_Cyto535_(CytoScanHD_Array)",0.64
"336","sample_20151216_MART_MM_Cyto536_(CytoScanHD_Array)",0.7
"337","sample_20160126_MG_MM_Cyto537_(CytoScanHD_Array)",0.76
"338","sample_20160126_MG_MM_Cyto539_(CytoScanHD_Array)",0.67
"339","sample_20160126_MG_MM_Cyto540_(CytoScanHD_Array)",0.6
"340","sample_20160126_MG_MM_Cyto541_(CytoScanHD_Array)",0.78
"341","sample_20160126_MG_MM_Cyto542_(CytoScanHD_Array)",0.76
"342","sample_20160126_MG_MM_Cyto543_(CytoScanHD_Array)",0.79
"343","sample_20160126_MG_MM_Cyto544_(CytoScanHD_Array)",0.66
"344","sample_20160126_MG_MM_Cyto545_(CytoScanHD_Array)",0.57
"345","sample_20160126_MG_MM_Cyto546_(CytoScanHD_Array)",0.74
"346","sample_20160126_MG_MM_Cyto548_(CytoScanHD_Array)",0.66
"347","sample_20160210_MG_MM_Cyto551_(CytoScanHD_Array)",0.91
"348","sample_20160210_MG_MM_Cyto553_(CytoScanHD_Array)",0.78
"349","sample_20160309_MG_MM_Cyto555_(CytoScanHD_Array)",0.69
"350","sample_20160309_MG_MM_Cyto557_(CytoScanHD_Array)",0.43
"351","sample_20160309_MG_MM_Cyto558_(CytoScanHD_Array)",0.71
"352","sample_20160503_MG_MM_Cyto559_(CytoScanHD_Array)",1
"353","sample_20160503_MG_MM_Cyto560_(CytoScanHD_Array)",1
"354","sample_20160503_MG_MM_Cyto561_(CytoScanHD_Array)",0.79
"355","sample_20160503_MG_MM_Cyto562_(CytoScanHD_Array)",0.71
"356","sample_20160503_MG_MM_Cyto563_(CytoScanHD_Array)",0.76
"357","sample_20160503_MG_MM_Cyto564_(CytoScanHD_Array)",0.58
"358","sample_20160503_MG_MM_Cyto566_(CytoScanHD_Array)",0.85
"359","sample_20160503_MG_MM_Cyto567_(CytoScanHD_Array)",0.86
"360","sample_20160503_MG_MM_Cyto568_(CytoScanHD_Array)",0.89
"361","sample_20160503_MG_MM_Cyto569_(CytoScanHD_Array)",0.9
"362","sample_20160503_MG_MM_Cyto570_(CytoScanHD_Array)",0.88
"363","sample_20160704_MG_MM_Cyto571_(CytoScanHD_Array)",0.7
"364","sample_20160704_MG_MM_Cyto572_(CytoScanHD_Array)",0.42
"365","sample_20160704_MG_MM_Cyto573_(CytoScanHD_Array)",1
"366","sample_20160704_MG_MM_Cyto574_(CytoScanHD_Array)",0.67
"367","sample_20160704_MG_MM_Cyto575_(CytoScanHD_Array)",0.79
"368","sample_20160704_MG_MM_Cyto576_(CytoScanHD_Array)",0.74
"369","sample_20160704_MG_MM_Cyto577_(CytoScanHD_Array)",0.75
"370","sample_20160704_MG_MM_Cyto578_(CytoScanHD_Array)",0.73
"371","sample_20160704_MG_MM_Cyto579_(CytoScanHD_Array)",0.83
"372","sample_20160704_MG_MM_Cyto580_(CytoScanHD_Array)",0.71
"373","sample_20160704_MG_MM_Cyto581_(CytoScanHD_Array)",0.81
"374","sample_20160704_MG_MM_Cyto582_(CytoScanHD_Array)",0.82
"375","sample_20160705_MG_MM_Cyto583_(CytoScanHD_Array)",0.81
"376","sample_20160705_MG_MM_Cyto584_(CytoScanHD_Array)",0.75
"377","sample_20160705_MG_MM_Cyto585_(CytoScanHD_Array)",0.73
"378","sample_20160705_MG_MM_Cyto586_(CytoScanHD_Array)",0.53
"379","sample_20160705_MG_MM_Cyto587_(CytoScanHD_Array)",0.53
"380","sample_20160705_MG_MM_Cyto588_(CytoScanHD_Array)",0.88
"381","sample_20160705_MG_MM_Cyto589_(CytoScanHD_Array)",0.71
"382","sample_20160705_MG_MM_Cyto590_(CytoScanHD_Array)",0.67
"383","sample_20160725_MG_MM_Cyto591_(CytoScanHD_Array)",0.67
"384","sample_20160725_MG_MM_Cyto592_(CytoScanHD_Array)",0.76
"385","sample_20160725_MG_MM_Cyto593_(CytoScanHD_Array)",0.93
"386","sample_20160725_MG_MM_Cyto594_(CytoScanHD_Array)",0.87
"387","sample_20160725_MG_MM_Cyto595_(CytoScanHD_Array)",0.8
"388","sample_20160725_MG_MM_Cyto596_(CytoScanHD_Array)",0.79
"389","sample_20160725_MG_MM_Cyto597_(CytoScanHD_Array)",0.65
"390","sample_20160725_MG_MM_Cyto599_(CytoScanHD_Array)",1
"391","sample_20160725_MG_MM_Cyto600_(CytoScanHD_Array)",0.69
"392","sample_20160725_MG_MM_Cyto601_(CytoScanHD_Array)",0.73
"393","sample_20160725_MG_MM_Cyto602_(CytoScanHD_Array)",0.75
"394","sample_20160727_MG_MM_Cyto598b_(CytoScanHD_Array)",0.79
"395","sample_20160727_MG_MM_Cyto603_(CytoScanHD_Array)",0.8
"396","sample_20160727_MG_MM_Cyto604_(CytoScanHD_Array)",0.72
"397","sample_20160727_MG_MM_Cyto605_(CytoScanHD_Array)",0.8
"398","sample_20160727_MG_MM_Cyto606_(CytoScanHD_Array)",0.21
"399","sample_20160727_MG_MM_Cyto607_(CytoScanHD_Array)",0.44
"400","sample_20160727_MG_MM_Cyto608_(CytoScanHD_Array)",0.65
"401","sample_20160727_MG_MM_Cyto609_(CytoScanHD_Array)",0.81
"402","sample_20160727_MG_MM_Cyto610_(CytoScanHD_Array)",0.82
"403","sample_20160913_MG_MM_Cyto634_(CytoScanHD_Array)",0.87
"404","sample_20111212_MART_MM_SNP161_(GenomeWideSNP_6)",0.53
"405","sample_20111212_MART_MM_SNP162_(GenomeWideSNP_6)",0.66
"406","sample_20111212_MART_MM_SNP163_(GenomeWideSNP_6)",0.72
"407","sample_20111212_MART_MM_SNP165_(GenomeWideSNP_6)",0.53
"408","sample_20111212_MART_MM_SNP166_(GenomeWideSNP_6)",1
"409","sample_20120510_MART_MM_SNP167_(GenomeWideSNP_6)",1
"410","sample_20120510_MART_MM_SNP168_(GenomeWideSNP_6)",0.62
"411","sample_20120510_MART_MM_SNP169_(GenomeWideSNP_6)",0.87
"412","sample_20120510_MART_MM_SNP170_(GenomeWideSNP_6)",1
"413","sample_20120510_MART_MM_SNP171_(GenomeWideSNP_6)",1
"414","sample_20120510_MART_MM_SNP172_(GenomeWideSNP_6)",0.86
"415","sample_20120510_MART_MM_SNP173_(GenomeWideSNP_6)",0.7
"416","sample_20120521_MART_MM_SNP174_(GenomeWideSNP_6)",1
"417","sample_20120521_MART_MM_SNP175_(GenomeWideSNP_6)",0.81
"418","sample_20120521_MART_MM_SNP176_(GenomeWideSNP_6)",0.95
"419","sample_20120521_MART_MM_SNP177_(GenomeWideSNP_6)",0.89
"420","sample_20120612_MART_MM_SNP188_(GenomeWideSNP_6)",0.26
"421","sample_20120626_MART_MM_SNP193_(GenomeWideSNP_6)",1
"422","sample_20120626_MART_MM_SNP197_(GenomeWideSNP_6)",0.78
"423","sample_20120727_MART_MM_SNP199_(GenomeWideSNP_6)",0.44
"424","sample_20120727_MART_MM_SNP200_(GenomeWideSNP_6)",0.66
"425","sample_20120727_MART_MM_SNP201_(GenomeWideSNP_6)",0.78
"426","sample_20120727_MART_MM_SNP202_(GenomeWideSNP_6)",0.67
"427","sample_20120727_MART_MM_SNP203_(GenomeWideSNP_6)",0.7
"428","sample_20120727_MART_MM_SNP204_(GenomeWideSNP_6)",0.88
"429","sample_20120924_MART_MM_SNP206_(GenomeWideSNP_6)",0.9
"430","sample_20120924_MART_MM_SNP207_(GenomeWideSNP_6)",0.74
"431","sample_20120924_MART_MM_SNP208_(GenomeWideSNP_6)",1
"432","sample_20120924_MART_MM_SNP209_(GenomeWideSNP_6)",0.68
"433","sample_20120924_MART_MM_SNP210_(GenomeWideSNP_6)",0.85
"434","sample_20120924_MART_MM_SNP211_(GenomeWideSNP_6)",0.71
"435","sample_20120924_MART_MM_SNP212_(GenomeWideSNP_6)",0.81
"436","sample_20120924_MART_MM_SNP213_(GenomeWideSNP_6)",0.83
"437","sample_20120924_MART_MM_SNP214_(GenomeWideSNP_6)",0.85
"438","sample_20121008_MART_MM_SNP215_(GenomeWideSNP_6)",0.34
"439","sample_20121008_MART_MM_SNP216_(GenomeWideSNP_6)",0.78
"440","sample_20121008_MART_MM_SNP217_(GenomeWideSNP_6)",0.68
"441","sample_20121008_MART_MM_SNP218_(GenomeWideSNP_6)",0.83
"442","sample_20121008_MART_MM_SNP219_(GenomeWideSNP_6)",0.71
"443","sample_20121008_MART_MM_SNP220_(GenomeWideSNP_6)",0.79
"444","sample_20121008_MART_MM_SNP221_(GenomeWideSNP_6)",1
"445","sample_20121203_MART_MM_SNP222_(GenomeWideSNP_6)",0.82
"446","sample_20121203_MART_MM_SNP223_(GenomeWideSNP_6)",0.9
"447","sample_20121203_MART_MM_SNP224_(GenomeWideSNP_6)",0.63
"448","sample_20121203_MART_MM_SNP225_(GenomeWideSNP_6)",1
"449","sample_20121203_MART_MM_SNP226_(GenomeWideSNP_6)",0.52
"450","sample_20121203_MART_MM_SNP227_(GenomeWideSNP_6)",0.87
"451","sample_20121203_MART_MM_SNP228_(GenomeWideSNP_6)",0.83
"452","sample_20121203_MART_MM_SNP229_(GenomeWideSNP_6)",1
"453","sample_20121203_MART_MM_SNP230_(GenomeWideSNP_6)",0.81
"454","sample_20121203_MART_MM_SNP231_(GenomeWideSNP_6)",0.82
"455","sample_20121203_MART_MM_SNP232_(GenomeWideSNP_6)",1
"456","sample_20121203_MART_MM_SNP233_(GenomeWideSNP_6)",0.53
"457","sample_20121203_MART_MM_SNP234_(GenomeWideSNP_6)",0.69
"458","sample_20121203_MART_MM_SNP235_(GenomeWideSNP_6)",0.82
"459","sample_20121203_MART_MM_SNP236_(GenomeWideSNP_6)",0.7
"460","sample_20121203_MART_MM_SNP237_(GenomeWideSNP_6)",0.8
"461","sample_20121203_MART_MM_SNP238_(GenomeWideSNP_6)",0.78
"462","sample_20121203_MART_MM_SNP239_(GenomeWideSNP_6)",0.8
"463","sample_20121203_MART_MM_SNP240_(GenomeWideSNP_6)",0.72
"464","sample_20121203_MART_MM_SNP241_(GenomeWideSNP_6)",0.69
"465","sample_20121203_MART_MM_SNP242_(GenomeWideSNP_6)",0.78
"466","sample_20121203_MART_MM_SNP243_(GenomeWideSNP_6)",0.79
"467","sample_20121203_MART_MM_SNP244_(GenomeWideSNP_6)",0.86
"468","sample_20121203_MART_MM_SNP245_(GenomeWideSNP_6)",0.69
"469","sample_20121203_MART_MM_SNP246_(GenomeWideSNP_6)",0.61
"470","sample_20121203_MART_MM_SNP247_(GenomeWideSNP_6)",0.56
"471","sample_20121203_MART_MM_SNP248_(GenomeWideSNP_6)",0.65
"472","sample_20121203_MART_MM_SNP249_(GenomeWideSNP_6)",0.69
"473","sample_20130221_MART_MM_SNP254_(GenomeWideSNP_6)",0.35
"474","sample_20130221_MART_MM_SNP255_(GenomeWideSNP_6)",1
"475","sample_20130321_MART_MM_SNP256_(GenomeWideSNP_6)",0.85
"476","sample_20130321_MART_MM_SNP257_(GenomeWideSNP_6)",0.5
"477","sample_20130321_MART_MM_SNP259_(GenomeWideSNP_6)",0.49
"478","sample_20130321_MART_MM_SNP260_(GenomeWideSNP_6)",0.89
"479","sample_20130516_MART_MM_SNP268_(GenomeWideSNP_6)",0.68
"480","sample_20130516_MART_MM_SNP269_(GenomeWideSNP_6)",0.64
"481","sample_20130527_MART_MM_SNP272_(GenomeWideSNP_6)",0.65
"482","sample_20130527_MART_MM_SNP273_(GenomeWideSNP_6)",0.78
"483","sample_20130527_MART_MM_SNP274_(GenomeWideSNP_6)",1
"484","sample_20130527_MART_MM_SNP275_(GenomeWideSNP_6)",0.83
"485","sample_20130527_MART_MM_SNP276_(GenomeWideSNP_6)",0.87
"486","sample_20130527_MART_MM_SNP277_(GenomeWideSNP_6)",0.52
"487","sample_20130527_MART_MM_SNP278_(GenomeWideSNP_6)",0.88
"488","sample_20130527_MART_MM_SNP279_(GenomeWideSNP_6)",0.41
"489","sample_20130625_MART_MM_SNP281_(GenomeWideSNP_6)",0.43
"490","sample_20130625_MART_MM_SNP282_(GenomeWideSNP_6)",1
"491","sample_20130625_MART_MM_SNP283_(GenomeWideSNP_6)",0.83
"492","sample_20130625_MART_MM_SNP284_(GenomeWideSNP_6)",0.76
"493","sample_20130625_MART_MM_SNP285_(GenomeWideSNP_6)",0.85
"494","sample_20130625_MART_MM_SNP286_(GenomeWideSNP_6)",0.69
"495","sample_20130717_MART_AL_SNP287_(GenomeWideSNP_6)",0.64
"496","sample_20130717_MART_AL_SNP288_(GenomeWideSNP_6)",1
"497","sample_20130717_MART_AL_SNP289_(GenomeWideSNP_6)",0.85
"498","sample_20130717_MART_AL_SNP290_(GenomeWideSNP_6)",1
"499","sample_20130717_MART_AL_SNP291_(GenomeWideSNP_6)",0.63
"500","sample_20130717_MART_AL_SNP292_(GenomeWideSNP_6)",0.38
"501","sample_20131014_MART_MM_SNP338_(GenomeWideSNP_6)",0.62
"502","sample_20131030_MART_MM_SNP336_(GenomeWideSNP_6)",0.55
"503","sample_20160913_MG_MM_Cyto635_(CytoScanHD_Array)",0.87
"504","sample_20160913_MG_MM_Cyto636_(CytoScanHD_Array)",0.86
"505","sample_20160913_MG_MM_Cyto637_(CytoScanHD_Array)",1
"506","sample_20160913_MG_MM_Cyto638_(CytoScanHD_Array)",0.84
"507","sample_20160913_MG_MM_Cyto639_(CytoScanHD_Array)",0.84
"508","sample_20160913_MG_MM_Cyto640b_(CytoScanHD_Array)",1
"509","sample_20160913_MG_MM_Cyto641_(CytoScanHD_Array)",0.68
"510","sample_20160913_MG_MM_Cyto642_(CytoScanHD_Array)",0.8
"511","sample_20160913_MG_MM_Cyto643_(CytoScanHD_Array)",0.87
"512","sample_20160913_MG_MM_Cyto644_(CytoScanHD_Array)",0.91
"513","sample_20160914_MG_MM_Cyto623_(CytoScanHD_Array)",1
"514","sample_20160914_MG_MM_Cyto624_(CytoScanHD_Array)",0.89
"515","sample_20160914_MG_MM_Cyto625_(CytoScanHD_Array)",0.9
"516","sample_20160914_MG_MM_Cyto629_(CytoScanHD_Array)",0.69
"517","sample_20160914_MG_MM_Cyto630_(CytoScanHD_Array)",0.92
"518","sample_20160914_MG_MM_Cyto631_(CytoScanHD_Array)",0.92
"519","sample_20160914_MG_MM_Cyto632_(CytoScanHD_Array)",0.89
"520","sample_20160914_MG_MM_Cyto633_(CytoScanHD_Array)",0.9
"521","sample_20160915_MG_MM_Cyto611_(CytoScanHD_Array)",0.42
"522","sample_20160915_MG_MM_Cyto612_(CytoScanHD_Array)",0.9
"523","sample_20160915_MG_MM_Cyto613_(CytoScanHD_Array)",0.9
"524","sample_20160915_MG_MM_Cyto614_(CytoScanHD_Array)",0.82
"525","sample_20160915_MG_MM_Cyto615_(CytoScanHD_Array)",1
"526","sample_20160915_MG_MM_Cyto616_(CytoScanHD_Array)",0.89
"527","sample_20160915_MG_MM_Cyto617_(CytoScanHD_Array)",1
"528","sample_20160915_MG_MM_Cyto618_(CytoScanHD_Array)",0.88
"529","sample_20160915_MG_MM_Cyto619_(CytoScanHD_Array)",0.88
"530","sample_20160915_MG_MM_Cyto620_(CytoScanHD_Array)",0.84
"531","sample_20160915_MG_MM_Cyto621_(CytoScanHD_Array)",0.89
"532","sample_20160915_MG_MM_Cyto622_(CytoScanHD_Array)",0.89
"533","sample_20161004_MG_MM_Cyto645_(CytoScanHD_Array)",0.9
"534","sample_20161004_MG_MM_Cyto646_(CytoScanHD_Array)",1
"535","sample_20161004_MG_MM_Cyto647_(CytoScanHD_Array)",0.89
"536","sample_20161004_MG_MM_Cyto648_(CytoScanHD_Array)",0.63
"537","sample_20161004_MG_MM_Cyto669_(CytoScanHD_Array)",0.54
"538","sample_20161004_MG_MM_Cyto670_(CytoScanHD_Array)",0.76
"539","sample_20161004_MG_MM_Cyto671_(CytoScanHD_Array)",0.88
"540","sample_20161004_MG_MM_Cyto672_(CytoScanHD_Array)",0.49
"541","sample_20161004_MG_MM_Cyto675_(CytoScanHD_Array)",0.65
"542","sample_20161004_MG_MM_Cyto677_(CytoScanHD_Array)",0.77
"543","sample_20161004_MG_MM_Cyto680_(CytoScanHD_Array)",0.81
"544","sample_20161005_MG_MM_Cyto649_(CytoScanHD_Array)",0.8
"545","sample_20161005_MG_MM_Cyto650_(CytoScanHD_Array)",0.75
"546","sample_20161005_MG_MM_Cyto651_(CytoScanHD_Array)",0.7
"547","sample_20161005_MG_MM_Cyto652_(CytoScanHD_Array)",0.77
"548","sample_20161005_MG_MM_Cyto654_(CytoScanHD_Array)",0.78
"549","sample_20161005_MG_MM_Cyto655_(CytoScanHD_Array)",0.77
"550","sample_20161005_MG_MM_Cyto656_(CytoScanHD_Array)",0.69
"551","sample_20161005_MG_MM_Cyto657_(CytoScanHD_Array)",0.66
"552","sample_20161005_MG_MM_Cyto658_(CytoScanHD_Array)",0.82
"553","sample_20161005_MG_MM_Cyto659_(CytoScanHD_Array)",0.8
"554","sample_20161005_MG_MM_Cyto660_(CytoScanHD_Array)",0.72
"555","sample_20161006_MG_MM_Cyto661_(CytoScanHD_Array)",0.56
"556","sample_20161006_MG_MM_Cyto662_(CytoScanHD_Array)",0.81
"557","sample_20161006_MG_MM_Cyto663_(CytoScanHD_Array)",0.73
"558","sample_20161006_MG_MM_Cyto664_(CytoScanHD_Array)",0.65
"559","sample_20161006_MG_MM_Cyto666_(CytoScanHD_Array)",0.79
"560","sample_20161006_MG_MM_Cyto667_(CytoScanHD_Array)",0.5
"561","sample_20161006_MG_MM_Cyto668_(CytoScanHD_Array)",0.77
"562","sample_20161109_MG_MM_Cyto682_(CytoScanHD_Array)",0.59
"563","sample_20161109_MG_MM_Cyto683_(CytoScanHD_Array)",0.84
"564","sample_20161109_MG_MM_Cyto685_(CytoScanHD_Array)",0.58
"565","sample_20161109_MG_MM_Cyto686_(CytoScanHD_Array)",0.64
"566","sample_20161109_MG_MM_Cyto687_(CytoScanHD_Array)",0.72
"567","sample_20161109_MG_MM_Cyto688_(CytoScanHD_Array)",0.83
"568","sample_20161109_MG_MM_Cyto689_(CytoScanHD_Array)",0.72
"569","sample_20161109_MG_MM_Cyto690_(CytoScanHD_Array)",0.75
"570","sample_20161109_MG_MM_Cyto691_(CytoScanHD_Array)",0.83
"571","sample_20161110_MG_MM_Cyto693_(CytoScanHD_Array)",0.86
"572","sample_20161110_MG_MM_Cyto694_(CytoScanHD_Array)",0.89
"573","sample_20161110_MG_MM_Cyto695_(CytoScanHD_Array)",0.94
"574","sample_20161110_MG_MM_Cyto697_(CytoScanHD_Array)",0.88
"575","sample_20161110_MG_MM_Cyto698_(CytoScanHD_Array)",0.57
"576","sample_20161110_MG_MM_Cyto699_(CytoScanHD_Array)",0.9
"577","sample_20161110_MG_MM_Cyto700_(CytoScanHD_Array)",0.92
"578","sample_20161110_MG_MM_Cyto701_(CytoScanHD_Array)",0.89
"579","sample_20161110_MG_MM_Cyto703_(CytoScanHD_Array)",0.88
"580","sample_20161110_MG_MM_Cyto704_(CytoScanHD_Array)",0.81
"581","sample_20170102_MG_MM_Cyto717_(CytoScanHD_Array)",0.72
"582","sample_20170102_MG_MM_Cyto718_(CytoScanHD_Array)",0.71
"583","sample_20170102_MG_MM_Cyto719_(CytoScanHD_Array)",0.89
"584","sample_20170102_MG_MM_Cyto720_(CytoScanHD_Array)",0.91
"585","sample_20170102_MG_MM_Cyto721_(CytoScanHD_Array)",0.75
"586","sample_20170102_MG_MM_Cyto722_(CytoScanHD_Array)",0.67
"587","sample_20170102_MG_MM_Cyto724_(CytoScanHD_Array)",0.79
"588","sample_20170102_MG_MM_Cyto726_(CytoScanHD_Array)",0.45
"589","sample_20170102_MG_MM_Cyto727_(CytoScanHD_Array)",1
"590","sample_20170102_MG_MM_Cyto728_(CytoScanHD_Array)",0.26
"591","sample_20170103_MG_MM_Cyto705_(CytoScanHD_Array)",0.52
"592","sample_20170103_MG_MM_Cyto706_(CytoScanHD_Array)",0.88
"593","sample_20170103_MG_MM_Cyto708_(CytoScanHD_Array)",0.75
"594","sample_20170103_MG_MM_Cyto710_(CytoScanHD_Array)",0.72
"595","sample_20170103_MG_MM_Cyto711_(CytoScanHD_Array)",0.77
"596","sample_20170103_MG_MM_Cyto712_(CytoScanHD_Array)",0.78
"597","sample_20170103_MG_MM_Cyto713_(CytoScanHD_Array)",0.83
"598","sample_20170103_MG_MM_Cyto715_(CytoScanHD_Array)",0.73
"599","sample_20170103_MG_MM_Cyto716_(CytoScanHD_Array)",0.7
"600","sample_20170605_MG_MM_Cyto762_(CytoScanHD_Array)",0.82
"601","sample_20170605_MG_MM_Cyto763_(CytoScanHD_Array)",0.88
"602","sample_20170605_MG_MM_Cyto764_(CytoScanHD_Array)",0.82
"603","sample_20170605_MG_MM_Cyto765_(CytoScanHD_Array)",0.78
"604","sample_20170605_MG_MM_Cyto766_(CytoScanHD_Array)",0.77
"605","sample_20170605_MG_MM_Cyto767_(CytoScanHD_Array)",0.85
"606","sample_20170605_MG_MM_Cyto768_(CytoScanHD_Array)",0.61
"607","sample_20170605_MG_MM_Cyto769_(CytoScanHD_Array)",0.78
"608","sample_20170605_MG_MM_Cyto770_(CytoScanHD_Array)",0.74
"609","sample_20170605_MG_MM_Cyto771_(CytoScanHD_Array)",0.74
"610","sample_20170605_MG_MM_Cyto771_(CytoScanHD_Array)_2",0.74
"611","sample_20170605_MG_MM_Cyto773_(CytoScanHD_Array)",0.78
"612","sample_20170612_MG_MM_Cyto729_(CytoScanHD_Array)",0.84
"613","sample_20170612_MG_MM_Cyto730_(CytoScanHD_Array)",0.88
"614","sample_20170612_MG_MM_Cyto738_(CytoScanHD_Array)",0.65
"615","sample_20170612_MG_MM_Cyto739_(CytoScanHD_Array)",0.69
"616","sample_20170612_MG_MM_Cyto743_(CytoScanHD_Array)",0.79
"617","sample_20170612_MG_MM_Cyto743_(CytoScanHD_Array)_2",0.78
"618","sample_20170612_MG_MM_Cyto744_(CytoScanHD_Array)",0.84
"619","sample_20170612_MG_MM_Cyto755_(CytoScanHD_Array)",0.56
"620","sample_20170612_MG_MM_Cyto756_(CytoScanHD_Array)",0.83
"621","sample_20170627_MG_MM_Cyto+1_(CytoScanHD_Array)",0.86
"622","sample_20170627_MG_MM_Cyto774_(CytoScanHD_Array)",0.79
"623","sample_20170627_MG_MM_Cyto776_(CytoScanHD_Array)",0.5
"624","sample_20170627_MG_MM_Cyto777_(CytoScanHD_Array)",0.73
"625","sample_20170627_MG_MM_Cyto778_(CytoScanHD_Array)",0.52
"626","sample_20170627_MG_MM_Cyto779_(CytoScanHD_Array)",0.45
"627","sample_20170627_MG_MM_Cyto780_(CytoScanHD_Array)",0.7
"628","sample_20170627_MG_MM_Cyto781_(CytoScanHD_Array)",0.59
"629","sample_20170627_MG_MM_Cyto783_(CytoScanHD_Array)",0.69
"630","sample_20170704_MG_MM_Cyto2+_(CytoScanHD_Array)",0.88
"631","sample_20170704_MG_MM_Cyto787_(CytoScanHD_Array)",0.68
"632","sample_20170704_MG_MM_Cyto788_(CytoScanHD_Array)",0.88
"633","sample_20170704_MG_MM_Cyto788_(CytoScanHD_Array)_2",0.89
"634","sample_20170704_MG_MM_Cyto791_(CytoScanHD_Array)",0.83
"635","sample_20170704_MG_MM_Cyto792_(CytoScanHD_Array)",0.89
"636","sample_20170704_MG_MM_Cyto793_(CytoScanHD_Array)",0.81
"637","sample_20170717_MG_MM_Cyto+3_(CytoScanHD_Array)",0.93
"638","sample_20170717_MG_MM_Cyto794_(CytoScanHD_Array)",0.76
"639","sample_20170717_MG_MM_Cyto795_(CytoScanHD_Array)",0.74
"640","sample_20170717_MG_MM_Cyto796_(CytoScanHD_Array)",0.83
"641","sample_20170717_MG_MM_Cyto797_(CytoScanHD_Array)",0.88
"642","sample_20170717_MG_MM_Cyto798_(CytoScanHD_Array)",0.8
"643","sample_20170717_MG_MM_Cyto800_(CytoScanHD_Array)",0.75
"644","sample_20170718_MG_MM_Cyto801_(CytoScanHD_Array)",0.77
"645","sample_20170718_MG_MM_Cyto803_(CytoScanHD_Array)",0.77
"646","sample_20170718_MG_MM_Cyto804_(CytoScanHD_Array)",0.81
"647","sample_20170718_MG_MM_Cyto805_(CytoScanHD_Array)",0.82
"648","sample_20170718_MG_MM_Cyto806_(CytoScanHD_Array)",0.8
"649","sample_20170718_MG_MM_Cyto807_(CytoScanHD_Array)",0.91
"650","sample_20170719_MG_MM_Cyto_D1MM_(CytoScanHD_Array)",0.82
"651","sample_20170719_MG_MM_Cyto_D2MM_(CytoScanHD_Array)",0.59
"652","sample_20170719_MG_MM_Cyto_D3MM_(CytoScanHD_Array)",0.77
"653","sample_20170719_MG_MM_Cyto_D4MM_(CytoScanHD_Array)",0.82
"654","sample_20170719_MG_MM_Cyto_D5MM_(CytoScanHD_Array)",0.82
"655","sample_20170719_MG_MM_Cyto_D6MM_(CytoScanHD_Array)",1
"656","sample_20170719_MG_MM_Cyto_D7MM_(CytoScanHD_Array)",0.92
"657","sample_20170726_MG_MM_Cyto_4+_(CytoScanHD_Array)",0.9
"658","sample_20170726_MG_MM_Cyto808_(CytoScanHD_Array)",0.72
"659","sample_20170726_MG_MM_Cyto809_(CytoScanHD_Array)",0.79
"660","sample_20170726_MG_MM_Cyto810_(CytoScanHD_Array)",0.66
"661","sample_20170726_MG_MM_Cyto811_(CytoScanHD_Array)",0.42
"662","sample_20170726_MG_MM_Cyto812_(CytoScanHD_Array)",1
"663","sample_20170726_MG_MM_Cyto813_(CytoScanHD_Array)",0.85
"664","sample_20170726_MG_MM_Cyto814_(CytoScanHD_Array)",0.89
"665","sample_MM__CytoscanHD_03072018_1034_(CytoScanHD_Array)",0.82
"666","sample_MM__CytoscanHD_03072018_1036_(CytoScanHD_Array)",0.78
"667","sample_MM__CytoscanHD_03072018_1038_(CytoScanHD_Array)",0.77
"668","sample_MM__CytoscanHD_03072018_1040_(CytoScanHD_Array)",0.68
"669","sample_MM__CytoscanHD_03072018_1041_(CytoScanHD_Array)",0.67
"670","sample_MM__CytoscanHD_10052018_1000_(CytoScanHD_Array)",0.75
"671","sample_MM__CytoscanHD_10052018_1002_(CytoScanHD_Array)",0.93
"672","sample_MM__CytoscanHD_10052018_993_(CytoScanHD_Array)",0.88
"673","sample_MM__CytoscanHD_10052018_994_(CytoScanHD_Array)",0.65
"674","sample_MM__CytoscanHD_10052018_995_(CytoScanHD_Array)",0.65
"675","sample_MM__CytoscanHD_10052018_996_(CytoScanHD_Array)",1
"676","sample_MM__CytoscanHD_10052018_997_(CytoScanHD_Array)",0.6
"677","sample_MM__CytoscanHD_10052018_998_(CytoScanHD_Array)",0.82
"678","sample_MM__CytoscanHD_10052018_999_(CytoScanHD_Array)",1
"679","sample_MM__CytoscanHD_11062018_1018_(CytoScanHD_Array)",0.79
"680","sample_MM__CytoscanHD_11062018_1019_(CytoScanHD_Array)",0.64
"681","sample_MM__CytoscanHD_11062018_1022_(CytoScanHD_Array)",0.79
"682","sample_MM__CytoscanHD_11062018_1023_(CytoScanHD_Array)",0.85
"683","sample_MM__CytoscanHD_11062018_1024_(CytoScanHD_Array)",0.79
"684","sample_MM__CytoscanHD_11062018_1025_(CytoScanHD_Array)",0.82
"685","sample_MM__CytoscanHD_19072018_1042_(CytoScanHD_Array)",0.82
"686","sample_MM__CytoscanHD_19072018_1043_(CytoScanHD_Array)",0.43
"687","sample_MM__CytoscanHD_19072018_1044_(CytoScanHD_Array)",0.83
"688","sample_MM__CytoscanHD_19072018_1045_(CytoScanHD_Array)",0.87
"689","sample_MM__CytoscanHD_19072018_1046_(CytoScanHD_Array)",1
"690","sample_MM__CytoscanHD_19072018_1047_(CytoScanHD_Array)",0.89
"691","sample_MM__CytoscanHD_19072018_1048_(CytoScanHD_Array)",0.88
"692","sample_MM__CytoscanHD_19072018_1048_(CytoScanHD_Array)_2",0.88
"693","sample_MM__CytoscanHD_21062018_1026_(CytoScanHD_Array)",0.8
"694","sample_MM__CytoscanHD_21062018_1027_(CytoScanHD_Array)",0.91
"695","sample_MM__CytoscanHD_21062018_1028_(CytoScanHD_Array)",1
"696","sample_MM__CytoscanHD_21062018_1029_(CytoScanHD_Array)",0.67
"697","sample_MM__CytoscanHD_21062018_1031_(CytoScanHD_Array)",0.72
"698","sample_MM__CytoscanHD_21062018_1032_(CytoScanHD_Array)",0.75
"699","sample_MM__CytoscanHD_21062018_1033_(CytoScanHD_Array)",0.74
"700","sample_MM__CytoscanHD_24052018_1003_(CytoScanHD_Array)",0.91
"701","sample_MM__CytoscanHD_24052018_1004_(CytoScanHD_Array)",0.73
"702","sample_MM__CytoscanHD_24052018_1005_(CytoScanHD_Array)",0.93
"703","sample_MM__CytoscanHD_24052018_1006_(CytoScanHD_Array)",0.89
"704","sample_MM__CytoscanHD_24052018_1007_(CytoScanHD_Array)",0.77
"705","sample_MM__CytoscanHD_24052018_1008_(CytoScanHD_Array)",0.56
"706","sample_MM__CytoscanHD_24052018_1009_(CytoScanHD_Array)",0.83
"707","sample_MM__CytoscanHD_24052018_31+_(CytoScanHD_Array)",0.93
"708","sample_MM__CytoscanHD_31052018_1011_(CytoScanHD_Array)",0.79
"709","sample_MM__CytoscanHD_31052018_1012_(CytoScanHD_Array)",0.82
"710","sample_MM__CytoscanHD_31052018_1012_(CytoScanHD_Array)_2",0.72
"711","sample_MM__CytoscanHD_31052018_1012_(CytoScanHD_Array)_3",0.82
"712","sample_MM__CytoscanHD_31052018_1013_(CytoScanHD_Array)",0.69
"713","sample_MM__CytoscanHD_31052018_1014_(CytoScanHD_Array)",0.74
"714","sample_MM__CytoscanHD_31052018_1015_(CytoScanHD_Array)",0.75
"715","sample_MM__CytoscanHD_31052018_1016_(CytoScanHD_Array)",0.83
"716","sample_MM__CytoscanHD_31052018_1017_(CytoScanHD_Array)",0.77
"717","sample_MM_cytoscanHD_01032021_1308_(CytoScanHD_Array)_bis",0.62
"718","sample_MM_cytoscanHD_01032021_1309_(CytoScanHD_Array)_bis",0.8
"719","sample_MM_cytoscanHD_01032021_1310_(CytoScanHD_Array)_bis",0.89
"720","sample_MM_cytoscanHD_01032021_1311_(CytoScanHD_Array)_bis",0.28
"721","sample_MM_cytoscanHD_01032021_1312_(CytoScanHD_Array)_bis",0.81
"722","sample_MM_cytoscanHD_01032021_1313_(CytoScanHD_Array)_bis",0.91
"723","sample_MM_cytoscanHD_011518_19+_(CytoScanHD_Array)",0.89
"724","sample_MM_cytoscanHD_011518_901_(CytoScanHD_Array)",0.81
"725","sample_MM_cytoscanHD_011518_902_(CytoScanHD_Array)",0.87
"726","sample_MM_cytoscanHD_011518_903_(CytoScanHD_Array)",0.84
"727","sample_MM_cytoscanHD_011518_904_(CytoScanHD_Array)",0.78
"728","sample_MM_cytoscanHD_011518_905_(CytoScanHD_Array)",0.92
"729","sample_MM_cytoscanHD_011518_906_(CytoScanHD_Array)",0.91
"730","sample_MM_cytoscanHD_011718_20+_(CytoScanHD_Array)",0.81
"731","sample_MM_cytoscanHD_011718_908_(CytoScanHD_Array)",0.84
"732","sample_MM_cytoscanHD_011718_909_(CytoScanHD_Array)",0.82
"733","sample_MM_cytoscanHD_011718_910_(CytoScanHD_Array)",0.81
"734","sample_MM_cytoscanHD_011718_911_(CytoScanHD_Array)",0.87
"735","sample_MM_cytoscanHD_011718_912_(CytoScanHD_Array)",0.83
"736","sample_MM_cytoscanHD_011718_913_(CytoScanHD_Array)",0.52
"737","sample_MM_cytoscanHD_011718_914_(CytoScanHD_Array)",0.71
"738","sample_MM_cytoscanHD_011718_915_(CytoScanHD_Array)",0.7
"739","sample_MM_cytoscanHD_011718_916_(CytoScanHD_Array)",0.86
"740","sample_MM_cytoscanHD_011718_917_(CytoScanHD_Array)",0.68
"741","sample_MM_cytoscanHD_01252019_1055_(CytoScanHD_Array)",0.64
"742","sample_MM_cytoscanHD_01252019_1056_(CytoScanHD_Array)",0.66
"743","sample_MM_cytoscanHD_01252019_1057_(CytoScanHD_Array)",0.42
"744","sample_MM_cytoscanHD_02142019_1068_(CytoScanHD_Array)",0.39
"745","sample_MM_cytoscanHD_02142019_1070_(CytoScanHD_Array)",0.51
"746","sample_MM_cytoscanHD_02142019_1071_(CytoScanHD_Array)",0.65
"747","sample_MM_cytoscanHD_05022021_1301_(CytoScanHD_Array)",0.85
"748","sample_MM_cytoscanHD_05042019_1084_(CytoScanHD_Array)",0.87
"749","sample_MM_cytoscanHD_05042019_1085_(CytoScanHD_Array)",0.74
"750","sample_MM_cytoscanHD_05042019_1086_(CytoScanHD_Array)",0.85
"751","sample_MM_cytoscanHD_05042019_1087_(CytoScanHD_Array)",0.53
"752","sample_MM_cytoscanHD_05042019_1088_(CytoScanHD_Array)",0.91
"753","sample_MM_cytoscanHD_05062020_1287_(CytoScanHD_Array)",0.69
"754","sample_MM_cytoscanHD_05062020_1288_(CytoScanHD_Array)",0.93
"755","sample_MM_cytoscanHD_05062020_1289_(CytoScanHD_Array)",0.88
"756","sample_MM_cytoscanHD_05062020_12890_(CytoScanHD_Array)",0.86
"757","sample_MM_cytoscanHD_05062020_1290_(CytoScanHD_Array)",0.86
"758","sample_MM_cytoscanHD_05062020_1291_(CytoScanHD_Array)",0.84
"759","sample_MM_cytoscanHD_05062020_1292_(CytoScanHD_Array)",0.91
"760","sample_MM_cytoscanHD_05062020_1293_(CytoScanHD_Array)",0.84
"761","sample_MM_cytoscanHD_05062020_1294_(CytoScanHD_Array)",0.58
"762","sample_MM_cytoscanHD_05062020_1295_(CytoScanHD_Array)",0.63
"763","sample_MM_cytoscanHD_05092019_1157_(CytoScanHD_Array)",0.91
"764","sample_MM_cytoscanHD_05092019_1158_(CytoScanHD_Array)",0.88
"765","sample_MM_cytoscanHD_05092019_1159_(CytoScanHD_Array)",1
"766","sample_MM_cytoscanHD_05092019_1160_(CytoScanHD_Array)",0.91
"767","sample_MM_cytoscanHD_05092019_1161_(CytoScanHD_Array)",0.89
"768","sample_MM_cytoscanHD_05092019_1162_(CytoScanHD_Array)",0.82
"769","sample_MM_cytoscanHD_05092019_1163_(CytoScanHD_Array)",0.8
"770","sample_MM_cytoscanHD_05092019_1164_(CytoScanHD_Array)",0.81
"771","sample_MM_cytoscanHD_06122019_1195_(CytoScanHD_Array)",0.48
"772","sample_MM_cytoscanHD_06122019_1196_(CytoScanHD_Array)",0.87
"773","sample_MM_cytoscanHD_06122019_1197_(CytoScanHD_Array)",0.71
"774","sample_MM_cytoscanHD_06122019_1198_(CytoScanHD_Array)",0.44
"775","sample_MM_cytoscanHD_06122019_1199_(CytoScanHD_Array)",0.85
"776","sample_MM_cytoscanHD_06122019_1200_(CytoScanHD_Array)",0.83
"777","sample_MM_cytoscanHD_06122019_1201_(CytoScanHD_Array)",0.79
"778","sample_MM_cytoscanHD_06122019_1202_(CytoScanHD_Array)",0.8
"779","sample_MM_cytoscanHD_07042019_1142_(CytoScanHD_Array)",0.93
"780","sample_MM_cytoscanHD_07042019_1143_(CytoScanHD_Array)",0.66
"781","sample_MM_cytoscanHD_07042019_1144_(CytoScanHD_Array)",0.3
"782","sample_MM_cytoscanHD_07042019_1145_(CytoScanHD_Array)",0.68
"783","sample_MM_cytoscanHD_07042019_1146_(CytoScanHD_Array)",0.79
"784","sample_MM_cytoscanHD_07042019_1147_(CytoScanHD_Array)",0.88
"785","sample_MM_cytoscanHD_07042019_1148_(CytoScanHD_Array)",0.92
"786","sample_MM_CytoscanHD_07052018_984_(CytoScanHD_Array)",0.73
"787","sample_MM_CytoscanHD_07052018_985_(CytoScanHD_Array)",0.74
"788","sample_MM_CytoscanHD_07052018_986_(CytoScanHD_Array)",0.82
"789","sample_MM_CytoscanHD_07052018_987_(CytoScanHD_Array)",0.76
"790","sample_MM_CytoscanHD_07052018_988_(CytoScanHD_Array)",0.82
"791","sample_MM_CytoscanHD_07052018_989_(CytoScanHD_Array)",0.72
"792","sample_MM_CytoscanHD_07052018_990_(CytoScanHD_Array)",0.71
"793","sample_MM_CytoscanHD_07052018_991_(CytoScanHD_Array)",0.72
"794","sample_MM_CytoscanHD_07052018_992_(CytoScanHD_Array)",0.77
"795","sample_MM_cytoscanHD_07052020_1251_(CytoScanHD_Array)",0.72
"796","sample_MM_cytoscanHD_07052020_1252_(CytoScanHD_Array)",0.92
"797","sample_MM_cytoscanHD_07052020_1253_(CytoScanHD_Array)",0.87
"798","sample_MM_cytoscanHD_07052020_1254_(CytoScanHD_Array)",0.89
"799","sample_MM_cytoscanHD_07052020_1255_(CytoScanHD_Array)",1
"800","sample_MM_cytoscanHD_07052020_1256_(CytoScanHD_Array)",0.81
"801","sample_MM_cytoscanHD_07052020_1257_(CytoScanHD_Array)",0.78
"802","sample_MM_cytoscanHD_07052020_1258_(CytoScanHD_Array)_2",0.93
"803","sample_MM_cytoscanHD_07052020_1259_(CytoScanHD_Array)",0.88
"804","sample_MM_cytoscanHD_07052020_1260_(CytoScanHD_Array)",0.9
"805","sample_MM_cytoscanHD_07052020_1261_(CytoScanHD_Array)",0.86
"806","sample_MM_cytoscanHD_08032019_1072_(CytoScanHD_Array)",0.91
"807","sample_MM_cytoscanHD_08032019_1073_(CytoScanHD_Array)",0.87
"808","sample_MM_cytoscanHD_08032019_1074_(CytoScanHD_Array)",0.4
"809","sample_MM_cytoscanHD_08032019_1075_(CytoScanHD_Array)",0.87
"810","sample_MM_cytoscanHD_08282017_5+_(CytoScanHD_Array)",0.9
"811","sample_MM_cytoscanHD_08282017_817_(CytoScanHD_Array)",1
"812","sample_MM_cytoscanHD_08282017_818_(CytoScanHD_Array)",0.7
"813","sample_MM_cytoscanHD_08282017_819_(CytoScanHD_Array)",0.79
"814","sample_MM_cytoscanHD_08282017_821_(CytoScanHD_Array)",0.83
"815","sample_MM_cytoscanHD_08282017_822_(CytoScanHD_Array)",0.81
"816","sample_MM_cytoscanHD_08302017_6+_(CytoScanHD_Array)",0.91
"817","sample_MM_cytoscanHD_08302017_823_(CytoScanHD_Array)",0.61
"818","sample_MM_cytoscanHD_08302017_824_(CytoScanHD_Array)",0.77
"819","sample_MM_cytoscanHD_08302017_825_(CytoScanHD_Array)",0.91
"820","sample_MM_cytoscanHD_08302017_826_(CytoScanHD_Array)",0.73
"821","sample_MM_cytoscanHD_08302017_827_(CytoScanHD_Array)",0.89
"822","sample_MM_cytoscanHD_08302017_828_(CytoScanHD_Array)",0.83
"823","sample_MM_cytoscanHD_08302017_829_(CytoScanHD_Array)",0.7
"824","sample_MM_cytoscanHD_09052019_1110_(CytoScanHD_Array)",0.89
"825","sample_MM_cytoscanHD_09052019_1111_(CytoScanHD_Array)",0.44
"826","sample_MM_cytoscanHD_09052019_1112_(CytoScanHD_Array)",0.89
"827","sample_MM_cytoscanHD_09052019_1113_(CytoScanHD_Array)",0.91
"828","sample_MM_cytoscanHD_09132017_837_(CytoScanHD_Array)",0.77
"829","sample_MM_cytoscanHD_09132017_838_(CytoScanHD_Array)",0.8
"830","sample_MM_cytoscanHD_09132017_839_(CytoScanHD_Array)",0.79
"831","sample_MM_cytoscanHD_09132017_840_(CytoScanHD_Array)",0.64
"832","sample_MM_cytoscanHD_09132017_841_(CytoScanHD_Array)",0.88
"833","sample_MM_cytoscanHD_09132017_842_(CytoScanHD_Array)",0.77
"834","sample_MM_cytoscanHD_09132017_843_(CytoScanHD_Array)",0.86
"835","sample_MM_cytoscanHD_09142017_836_(CytoScanHD_Array)",1
"836","sample_MM_cytoscanHD_09212017_844_(CytoScanHD_Array)",0.86
"837","sample_MM_cytoscanHD_09212017_845_(CytoScanHD_Array)",0.65
"838","sample_MM_cytoscanHD_09212017_846_(CytoScanHD_Array)",0.65
"839","sample_MM_cytoscanHD_09212017_847_(CytoScanHD_Array)",0.85
"840","sample_MM_cytoscanHD_09212017_848_(CytoScanHD_Array)",0.77
"841","sample_MM_cytoscanHD_09212017_849_(CytoScanHD_Array)",0.65
"842","sample_MM_cytoscanHD_09212017_850_(CytoScanHD_Array)",0.75
"843","sample_MM_cytoscanHD_10012020_1211_(CytoScanHD_Array)",0.78
"844","sample_MM_cytoscanHD_10012020_1212_(CytoScanHD_Array)",0.86
"845","sample_MM_cytoscanHD_10012020_1213_(CytoScanHD_Array)",0.93
"846","sample_MM_cytoscanHD_10012020_1214_(CytoScanHD_Array)",0.97
"847","sample_MM_cytoscanHD_10012020_1215_(CytoScanHD_Array)",0.83
"848","sample_MM_cytoscanHD_10012020_1216_(CytoScanHD_Array)",0.63
"849","sample_MM_cytoscanHD_10012020_1217_(CytoScanHD_Array)",0.9
"850","sample_MM_cytoscanHD_10012020_1218_(CytoScanHD_Array)",1
"851","sample_MM_cytoscanHD_10022017_851_(CytoScanHD_Array)",0.55
"852","sample_MM_cytoscanHD_10022017_852_(CytoScanHD_Array)",0.81
"853","sample_MM_cytoscanHD_10022017_854_(CytoScanHD_Array)",0.73
"854","sample_MM_cytoscanHD_10022017_856_(CytoScanHD_Array)",0.81
"855","sample_MM_cytoscanHD_10022017_857_(CytoScanHD_Array)",0.77
"856","sample_MM_cytoscanHD_10022017_858_(CytoScanHD_Array)",0.74
"857","sample_MM_cytoscanHD_10112017_12+_(CytoScanHD_Array)",0.89
"858","sample_MM_cytoscanHD_10112017_D14_(CytoScanHD_Array)",0.71
"859","sample_MM_cytoscanHD_10112017_D15_(CytoScanHD_Array)",0.62
"860","sample_MM_cytoscanHD_10112017_D16_(CytoScanHD_Array)",0.58
"861","sample_MM_cytoscanHD_10112017_D17_(CytoScanHD_Array)",0.4
"862","sample_MM_cytoscanHD_10112017_D18_(CytoScanHD_Array)",0.21
"863","sample_MM_cytoscanHD_10112017_D19_(CytoScanHD_Array)",0.86
"864","sample_MM_cytoscanHD_10192017_13+_(CytoScanHD_Array)",0.88
"865","sample_MM_cytoscanHD_10192017_859_(CytoScanHD_Array)",0.78
"866","sample_MM_cytoscanHD_10192017_860_(CytoScanHD_Array)",0.85
"867","sample_MM_cytoscanHD_10192017_861_(CytoScanHD_Array)",0.76
"868","sample_MM_cytoscanHD_10192017_863_(CytoScanHD_Array)",0.75
"869","sample_MM_cytoscanHD_10192017_864_(CytoScanHD_Array)",0.81
"870","sample_MM_cytoscanHD_10192017_865_(CytoScanHD_Array)",1
"871","sample_MM_cytoscanHD_10262017_14+_(CytoScanHD_Array)",0.9
"872","sample_MM_cytoscanHD_10262017_866_(CytoScanHD_Array)",0.76
"873","sample_MM_cytoscanHD_10262017_867_(CytoScanHD_Array)",0.75
"874","sample_MM_cytoscanHD_10262017_868_(CytoScanHD_Array)",0.8
"875","sample_MM_cytoscanHD_10262017_869_(CytoScanHD_Array)",0.84
"876","sample_MM_cytoscanHD_10262017_870_(CytoScanHD_Array)",0.79
"877","sample_MM_cytoscanHD_10262017_871_(CytoScanHD_Array)",0.76
"878","sample_MM_cytoscanHD_10262017_872_(CytoScanHD_Array)",0.78
"879","sample_MM_cytoscanHD_11042019_1089_(CytoScanHD_Array)",0.78
"880","sample_MM_cytoscanHD_11042019_1090_(CytoScanHD_Array)",0.99
"881","sample_MM_cytoscanHD_11042019_1091_(CytoScanHD_Array)",0.73
"882","sample_MM_cytoscanHD_11042019_1092_(CytoScanHD_Array)",0.9
"883","sample_MM_cytoscanHD_11042019_1093_(CytoScanHD_Array)",0.67
"884","sample_MM_cytoscanHD_11042019_1094_(CytoScanHD_Array)",0.92
"885","sample_MM_cytoscanHD_11092017_873_(CytoScanHD_Array)",0.72
"886","sample_MM_cytoscanHD_11092017_875_(CytoScanHD_Array)",0.85
"887","sample_MM_cytoscanHD_11092017_876_(CytoScanHD_Array)",0.85
"888","sample_MM_cytoscanHD_11092017_877_(CytoScanHD_Array)",0.89
"889","sample_MM_cytoscanHD_11092017_878_(CytoScanHD_Array)",0.72
"890","sample_MM_cytoscanHD_11162017_880_(CytoScanHD_Array)",0.85
"891","sample_MM_cytoscanHD_11162017_881_(CytoScanHD_Array)",0.89
"892","sample_MM_cytoscanHD_11162017_882_(CytoScanHD_Array)",0.88
"893","sample_MM_cytoscanHD_11162017_883_(CytoScanHD_Array)",0.88
"894","sample_MM_cytoscanHD_11162017_885_(CytoScanHD_Array)",0.87
"895","sample_MM_cytoscanHD_11162017_886_(CytoScanHD_Array)",0.71
"896","sample_MM_cytoscanHD_11302017_887_(CytoScanHD_Array)",0.82
"897","sample_MM_cytoscanHD_11302017_888_(CytoScanHD_Array)",0.71
"898","sample_MM_cytoscanHD_11302017_889_(CytoScanHD_Array)",0.7
"899","sample_MM_cytoscanHD_11302017_890_(CytoScanHD_Array)",0.86
"900","sample_MM_cytoscanHD_11302017_891_(CytoScanHD_Array)",0.65
"901","sample_MM_cytoscanHD_11302017_892_(CytoScanHD_Array)",0.88
"902","sample_MM_cytoscanHD_11302017_893_(CytoScanHD_Array)",0.57
"903","sample_MM_cytoscanHD_12022021_1302_(CytoScanHD_Array)",0.72
"904","sample_MM_cytoscanHD_12022021_1303_(CytoScanHD_Array)",0.56
"905","sample_MM_cytoscanHD_12272017_894_(CytoScanHD_Array)",0.9
"906","sample_MM_cytoscanHD_12272017_895_(CytoScanHD_Array)",0.86
"907","sample_MM_cytoscanHD_12272017_896_(CytoScanHD_Array)",0.82
"908","sample_MM_cytoscanHD_12272017_897_(CytoScanHD_Array)",0.88
"909","sample_MM_cytoscanHD_12272017_898_(CytoScanHD_Array)",0.86
"910","sample_MM_cytoscanHD_12272017_899_(CytoScanHD_Array)",0.9
"911","sample_MM_cytoscanHD_12272017_900_(CytoScanHD_Array)",0.42
"912","sample_MM_cytoscanHD_13022020_1219_(CytoScanHD_Array)",0.85
"913","sample_MM_cytoscanHD_13022020_1220_(CytoScanHD_Array)",0.95
"914","sample_MM_cytoscanHD_13022020_1221_(CytoScanHD_Array)_2",0.91
"915","sample_MM_cytoscanHD_13022020_1222_(CytoScanHD_Array)",0.88
"916","sample_MM_cytoscanHD_13022020_1223_(CytoScanHD_Array)",0.4
"917","sample_MM_cytoscanHD_13022020_1224_(CytoScanHD_Array)",0.58
"918","sample_MM_cytoscanHD_13022020_1225_(CytoScanHD_Array)",0.47
"919","sample_MM_cytoscanHD_13022020_1226_(CytoScanHD_Array)",0.92
"920","sample_MM_cytoscanHD_13062019_1126_(CytoScanHD_Array)",0.39
"921","sample_MM_cytoscanHD_13062019_1127_(CytoScanHD_Array)",0.43
"922","sample_MM_cytoscanHD_13062019_1128_(CytoScanHD_Array)",0.77
"923","sample_MM_cytoscanHD_13062019_1129_(CytoScanHD_Array)",0.83
"924","sample_MM_cytoscanHD_13062019_1130_(CytoScanHD_Array)",0.89
"925","sample_MM_cytoscanHD_14022020_1227_(CytoScanHD_Array)",0.7
"926","sample_MM_cytoscanHD_14022020_1228_(CytoScanHD_Array)",0.92
"927","sample_MM_cytoscanHD_14022020_1229_(CytoScanHD_Array)",0.92
"928","sample_MM_cytoscanHD_14022020_1230_(CytoScanHD_Array)",0.9
"929","sample_MM_cytoscanHD_14022020_1231_(CytoScanHD_Array)",0.89
"930","sample_MM_cytoscanHD_14022020_1232_(CytoScanHD_Array)",0.9
"931","sample_MM_cytoscanHD_14022020_1233_(CytoScanHD_Array)",0.71
"932","sample_MM_cytoscanHD_14022020_1234_(CytoScanHD_Array)",0.93
"933","sample_MM_cytoscanHD_14052019_1114_(CytoScanHD_Array)",0.91
"934","sample_MM_cytoscanHD_14052019_1115_(CytoScanHD_Array)",1
"935","sample_MM_cytoscanHD_14052019_1116_(CytoScanHD_Array)",0.76
"936","sample_MM_cytoscanHD_14052019_1117_(CytoScanHD_Array)",0.92
"937","sample_MM_cytoscanHD_14052020_1262_(CytoScanHD_Array)",0.75
"938","sample_MM_cytoscanHD_14052020_1263_(CytoScanHD_Array)",0.94
"939","sample_MM_cytoscanHD_14052020_1264_(CytoScanHD_Array)",0.85
"940","sample_MM_cytoscanHD_14052020_1265_(CytoScanHD_Array)",0.89
"941","sample_MM_cytoscanHD_14052020_1266_(CytoScanHD_Array)",1
"942","sample_MM_cytoscanHD_14052020_1267_(CytoScanHD_Array)",0.74
"943","sample_MM_cytoscanHD_14052020_1268_(CytoScanHD_Array)",0.54
"944","sample_MM_cytoscanHD_14052020_1269_(CytoScanHD_Array)",0.65
"945","sample_MM_cytoscanHD_14092017_830_(CytoScanHD_Array)",0.61
"946","sample_MM_cytoscanHD_14092017_832_(CytoScanHD_Array)",0.76
"947","sample_MM_cytoscanHD_14092017_833_(CytoScanHD_Array)",0.82
"948","sample_MM_cytoscanHD_14092017_834_(CytoScanHD_Array)",0.78
"949","sample_MM_cytoscanHD_14092017_835_(CytoScanHD_Array)",0.85
"950","sample_MM_cytoscanHD_15032019_1076_(CytoScanHD_Array)",0.92
"951","sample_MM_cytoscanHD_15032019_1077_(CytoScanHD_Array)",0.94
"952","sample_MM_cytoscanHD_15032019_1078_(CytoScanHD_Array)",0.88
"953","sample_MM_cytoscanHD_15032019_1079_(CytoScanHD_Array)",0.53
"954","sample_MM_cytoscanHD_15042021_1329_(CytoScanHD_Array)",0.85
"955","sample_MM_cytoscanHD_15042021_1330_(CytoScanHD_Array)",0.86
"956","sample_MM_cytoscanHD_15042021_1331_(CytoScanHD_Array)",0.43
"957","sample_MM_cytoscanHD_15042021_1332_(CytoScanHD_Array)",0.44
"958","sample_MM_cytoscanHD_15042021_1333_(CytoScanHD_Array)",0.8
"959","sample_MM_cytoscanHD_15042021_1334_(CytoScanHD_Array)",0.63
"960","sample_MM_cytoscanHD_15042021_1335_(CytoScanHD_Array)",0.82
"961","sample_MM_cytoscanHD_15042021_1336_(CytoScanHD_Array)",0.49
"962","sample_MM_cytoscanHD_16112018_1049_(CytoScanHD_Array)_2",0.57
"963","sample_MM_CytoscanHD_17042018_967_(CytoScanHD_Array)",0.59
"964","sample_MM_CytoscanHD_17042018_968_(CytoScanHD_Array)",0.79
"965","sample_MM_CytoscanHD_17042018_969_(CytoScanHD_Array)",0.76
"966","sample_MM_CytoscanHD_17042018_970_(CytoScanHD_Array)",0.79
"967","sample_MM_CytoscanHD_17042018_971_(CytoScanHD_Array)",0.77
"968","sample_MM_CytoscanHD_17042018_972_(CytoScanHD_Array)",0.81
"969","sample_MM_CytoscanHD_17042018_973_(CytoScanHD_Array)",0.76
"970","sample_MM_CytoscanHD_17042018_974_(CytoScanHD_Array)",0.75
"971","sample_MM_CytoscanHD_17042018_975_(CytoScanHD_Array)",0.85
"972","sample_MM_cytoscanHD_18022021_1305_(CytoScanHD_Array)",0.76
"973","sample_MM_cytoscanHD_18022021_1306_(CytoScanHD_Array)",0.76
"974","sample_MM_cytoscanHD_18022021_1307_(CytoScanHD_Array)",0.53
"975","sample_MM_cytoscanHD_18042019_1095_(CytoScanHD_Array)",0.7
"976","sample_MM_cytoscanHD_18042019_1096_(CytoScanHD_Array)",0.46
"977","sample_MM_cytoscanHD_18042019_1097_(CytoScanHD_Array)",0.42
"978","sample_MM_cytoscanHD_18042019_1098_(CytoScanHD_Array)",0.55
"979","sample_MM_cytoscanHD_18042019_1099_(CytoScanHD_Array)",0.67
"980","sample_MM_cytoscanHD_18042019_1100_(CytoScanHD_Array)",0.54
"981","sample_MM_cytoscanHD_18102019_1173_(CytoScanHD_Array)",0.82
"982","sample_MM_cytoscanHD_18102019_1174_(CytoScanHD_Array)",0.93
"983","sample_MM_cytoscanHD_18102019_1175_(CytoScanHD_Array)",1
"984","sample_MM_cytoscanHD_18102019_1176_(CytoScanHD_Array)",1
"985","sample_MM_cytoscanHD_18102019_1177_(CytoScanHD_Array)",0.81
"986","sample_MM_cytoscanHD_18102019_1178_(CytoScanHD_Array)",0.67
"987","sample_MM_cytoscanHD_18102019_1179_(CytoScanHD_Array)",0.6
"988","sample_MM_cytoscanHD_19032021_1314_(CytoScanHD_Array)",0.87
"989","sample_MM_cytoscanHD_19032021_1315_(CytoScanHD_Array)",0.91
"990","sample_MM_cytoscanHD_19032021_1316_(CytoScanHD_Array)",0.84
"991","sample_MM_cytoscanHD_19032021_1317_(CytoScanHD_Array)",0.84
"992","sample_MM_cytoscanHD_19032021_1318_(CytoScanHD_Array)",0.82
"993","sample_MM_cytoscanHD_19032021_1319_(CytoScanHD_Array)",0.56
"994","sample_MM_cytoscanHD_19032021_1320_(CytoScanHD_Array)",0.87
"995","sample_MM_cytoscanHD_19092017_9+_(CytoScanHD_Array)",0.88
"996","sample_MM_cytoscanHD_19092017_D10_(CytoScanHD_Array)",0.43
"997","sample_MM_cytoscanHD_19092017_D11_(CytoScanHD_Array)",1
"998","sample_MM_cytoscanHD_19092017_D12_(CytoScanHD_Array)",1
"999","sample_MM_cytoscanHD_19092017_D13_(CytoScanHD_Array)",1
"1000","sample_MM_cytoscanHD_19092017_D8_(CytoScanHD_Array)",0.72
"1001","sample_MM_cytoscanHD_19092017_D9_(CytoScanHD_Array)",0.35
"1002","sample_MM_cytoscanHD_20122019_1203_(CytoScanHD_Array)",0.78
"1003","sample_MM_cytoscanHD_20122019_1204_(CytoScanHD_Array)",0.21
"1004","sample_MM_cytoscanHD_20122019_1205_(CytoScanHD_Array)",0.65
"1005","sample_MM_cytoscanHD_20122019_1206_(CytoScanHD_Array)",0.76
"1006","sample_MM_cytoscanHD_20122019_1207_(CytoScanHD_Array)",1
"1007","sample_MM_cytoscanHD_20122019_1208_(CytoScanHD_Array)",1
"1008","sample_MM_cytoscanHD_20122019_1209_(CytoScanHD_Array)",0.89
"1009","sample_MM_cytoscanHD_20122019_1210_(CytoScanHD_Array)",0.89
"1010","sample_MM_cytoscanHD_22012021_1296_(CytoScanHD_Array)",0.87
"1011","sample_MM_cytoscanHD_22012021_1297_(CytoScanHD_Array)",0.87
"1012","sample_MM_cytoscanHD_22012021_1298_(CytoScanHD_Array)",0.87
"1013","sample_MM_cytoscanHD_22012021_1299_(CytoScanHD_Array)",0.88
"1014","sample_MM_cytoscanHD_22112019_1188_(CytoScanHD_Array)",0.89
"1015","sample_MM_cytoscanHD_22112019_1189_(CytoScanHD_Array)",0.6
"1016","sample_MM_cytoscanHD_22112019_1190_(CytoScanHD_Array)",0.94
"1017","sample_MM_cytoscanHD_22112019_1191_(CytoScanHD_Array)",0.77
"1018","sample_MM_cytoscanHD_22112019_1192_(CytoScanHD_Array)",0.98
"1019","sample_MM_cytoscanHD_22112019_1193_(CytoScanHD_Array)",0.69
"1020","sample_MM_cytoscanHD_22112019_1194_(CytoScanHD_Array)",0.86
"1021","sample_MM_cytoscanHD_24042020_1243_(CytoScanHD_Array)",0.82
"1022","sample_MM_cytoscanHD_24042020_1244_(CytoScanHD_Array)",0.94
"1023","sample_MM_cytoscanHD_24042020_1245_(CytoScanHD_Array)",1
"1024","sample_MM_cytoscanHD_24042020_1246_(CytoScanHD_Array)",0.94
"1025","sample_MM_cytoscanHD_24042020_1247_(CytoScanHD_Array)",0.75
"1026","sample_MM_cytoscanHD_24042020_1248_(CytoScanHD_Array)",0.63
"1027","sample_MM_cytoscanHD_24042020_1249_(CytoScanHD_Array)",0.87
"1028","sample_MM_cytoscanHD_24042020_1250_(CytoScanHD_Array)",0.82
"1029","sample_MM_cytoscanHD_24092019_1165_(CytoScanHD_Array)",0.85
"1030","sample_MM_cytoscanHD_24092019_1166_(CytoScanHD_Array)",0.52
"1031","sample_MM_cytoscanHD_24092019_1167_(CytoScanHD_Array)",1
"1032","sample_MM_cytoscanHD_24092019_1168_(CytoScanHD_Array)",0.6
"1033","sample_MM_cytoscanHD_24092019_1169_(CytoScanHD_Array)",1
"1034","sample_MM_cytoscanHD_24092019_1170_(CytoScanHD_Array)",0.43
"1035","sample_MM_cytoscanHD_24092019_1171_(CytoScanHD_Array)",0.54
"1036","sample_MM_cytoscanHD_24092019_1172_(CytoScanHD_Array)",0.88
"1037","sample_MM_cytoscanHD_25032021_1321_(CytoScanHD_Array)",0.53
"1038","sample_MM_cytoscanHD_25032021_1322_(CytoScanHD_Array)",0.51
"1039","sample_MM_cytoscanHD_25032021_1323_(CytoScanHD_Array)",0.55
"1040","sample_MM_cytoscanHD_25032021_1324_(CytoScanHD_Array)",0.88
"1041","sample_MM_cytoscanHD_25032021_1325_(CytoScanHD_Array)",0.22
"1042","sample_MM_cytoscanHD_25032021_1326_(CytoScanHD_Array)",0.8
"1043","sample_MM_cytoscanHD_25032021_1327_(CytoScanHD_Array)",1
"1044","sample_MM_cytoscanHD_25032021_1328_(CytoScanHD_Array)",0.23
"1045","sample_MM_cytoscanHD_26022020_1235_(CytoScanHD_Array)",0.74
"1046","sample_MM_cytoscanHD_26022020_1236_(CytoScanHD_Array)",0.7
"1047","sample_MM_cytoscanHD_26022020_1237_(CytoScanHD_Array)",0.99
"1048","sample_MM_cytoscanHD_26022020_1238_(CytoScanHD_Array)",0.84
"1049","sample_MM_cytoscanHD_26022020_1239_(CytoScanHD_Array)",0.85
"1050","sample_MM_cytoscanHD_26022020_1240_(CytoScanHD_Array)",0.98
"1051","sample_MM_cytoscanHD_26022020_1241_(CytoScanHD_Array)",0.94
"1052","sample_MM_cytoscanHD_26022020_1242_(CytoScanHD_Array)",0.78
"1053","sample_MM_cytoscanHD_26022021_1308_(CytoScanHD_Array)_2",0.62
"1054","sample_MM_cytoscanHD_26022021_1309_(CytoScanHD_Array)_2",0.8
"1055","sample_MM_cytoscanHD_26022021_1310_(CytoScanHD_Array)_3",0.87
"1056","sample_MM_cytoscanHD_26022021_1312_(CytoScanHD_Array)_4",0.82
"1057","sample_MM_cytoscanHD_26022021_1313_(CytoScanHD_Array)_5",0.91
"1058","sample_MM_CytoscanHD_26042018_976_(CytoScanHD_Array)",0.67
"1059","sample_MM_CytoscanHD_26042018_977_(CytoScanHD_Array)",0.85
"1060","sample_MM_CytoscanHD_26042018_978_(CytoScanHD_Array)_2",0.88
"1061","sample_MM_CytoscanHD_26042018_979_(CytoScanHD_Array)",0.91
"1062","sample_MM_CytoscanHD_26042018_980_(CytoScanHD_Array)",0.86
"1063","sample_MM_CytoscanHD_26042018_981_(CytoScanHD_Array)",0.92
"1064","sample_MM_CytoscanHD_26042018_982_(CytoScanHD_Array)",1
"1065","sample_MM_CytoscanHD_26042018_983_(CytoScanHD_Array)",0.9
"1066","sample_MM_cytoscanHD_26052020_1270_(CytoScanHD_Array)",0.96
"1067","sample_MM_cytoscanHD_26052020_1271_(CytoScanHD_Array)",0.73
"1068","sample_MM_cytoscanHD_26052020_1272_(CytoScanHD_Array)",0.76
"1069","sample_MM_cytoscanHD_26052020_1273_(CytoScanHD_Array)",0.97
"1070","sample_MM_cytoscanHD_26052020_1274_(CytoScanHD_Array)",0.68
"1071","sample_MM_cytoscanHD_26052020_1275_(CytoScanHD_Array)",0.76
"1072","sample_MM_cytoscanHD_26052020_1276_(CytoScanHD_Array)",0.94
"1073","sample_MM_cytoscanHD_26052020_1277_(CytoScanHD_Array)",0.93
"1074","sample_MM_cytoscanHD_26062019_1131_(CytoScanHD_Array)",0.92
"1075","sample_MM_cytoscanHD_26062019_1132_(CytoScanHD_Array)",0.87
"1076","sample_MM_cytoscanHD_26062019_1133_(CytoScanHD_Array)",0.72
"1077","sample_MM_cytoscanHD_26062019_1134_(CytoScanHD_Array)_2",0.68
"1078","sample_MM_cytoscanHD_26062019_1135_(CytoScanHD_Array)_2",0.91
"1079","sample_MM_cytoscanHD_26062019_1136_(CytoScanHD_Array)",1
"1080","sample_MM_cytoscanHD_26062019_1137_(CytoScanHD_Array)_2",0.87
"1081","sample_MM_cytoscanHD_26062019_1138_(CytoScanHD_Array)",0.76
"1082","sample_MM_cytoscanHD_27062019_1139_(CytoScanHD_Array)",0.49
"1083","sample_MM_cytoscanHD_27062019_1140_(CytoScanHD_Array)",0.64
"1084","sample_MM_cytoscanHD_27062019_1141_(CytoScanHD_Array)",0.72
"1085","sample_MM_cytoscanHD_28032019_1080_(CytoScanHD_Array)",0.77
"1086","sample_MM_cytoscanHD_28032019_1081_(CytoScanHD_Array)",0.76
"1087","sample_MM_cytoscanHD_28032019_1082_(CytoScanHD_Array)",0.67
"1088","sample_MM_cytoscanHD_28032019_1083_(CytoScanHD_Array)",0.91
"1089","sample_MM_cytoscanHD_29052019_1118_(CytoScanHD_Array)",0.79
"1090","sample_MM_cytoscanHD_29052019_1119_(CytoScanHD_Array)",0.79
"1091","sample_MM_cytoscanHD_29052019_1120_(CytoScanHD_Array)",0.81
"1092","sample_MM_cytoscanHD_29052019_1121_(CytoScanHD_Array)",0.82
"1093","sample_MM_cytoscanHD_29052019_1122_(CytoScanHD_Array)",0.91
"1094","sample_MM_cytoscanHD_29052019_1123_(CytoScanHD_Array)",0.91
"1095","sample_MM_cytoscanHD_29052019_1124_(CytoScanHD_Array)",0.91
"1096","sample_MM_cytoscanHD_29052019_1125_(CytoScanHD_Array)",0.78
"1097","sample_MM_cytoscanHD_29052020_1279_(CytoScanHD_Array)_2",0.91
"1098","sample_MM_cytoscanHD_29052020_1280_(CytoScanHD_Array)",0.85
"1099","sample_MM_cytoscanHD_29052020_1281_(CytoScanHD_Array)",0.91
"1100","sample_MM_cytoscanHD_29052020_1282_(CytoScanHD_Array)",0.9
"1101","sample_MM_cytoscanHD_29052020_1283_(CytoScanHD_Array)",0.92
"1102","sample_MM_cytoscanHD_29052020_1284_(CytoScanHD_Array)",0.94
"1103","sample_MM_cytoscanHD_29052020_1285_(CytoScanHD_Array)",0.85
"1104","sample_MM_cytoscanHD_29052020_1286_(CytoScanHD_Array)",0.78
"1105","sample_MM_cytoscanHD_29102019_1180_(CytoScanHD_Array)",0.84
"1106","sample_MM_cytoscanHD_29102019_1181_(CytoScanHD_Array)",0.68
"1107","sample_MM_cytoscanHD_29102019_1182_(CytoScanHD_Array)",0.68
"1108","sample_MM_cytoscanHD_29102019_1183_(CytoScanHD_Array)",1
"1109","sample_MM_cytoscanHD_29102019_1184_(CytoScanHD_Array)",0.71
"1110","sample_MM_cytoscanHD_29102019_1185_(CytoScanHD_Array)",0.75
"1111","sample_MM_cytoscanHD_29102019_1186_(CytoScanHD_Array)",0.76
"1112","sample_MM_cytoscanHD_30042019_1102_(CytoScanHD_Array)",0.89
"1113","sample_MM_cytoscanHD_30042019_1103_(CytoScanHD_Array)_2",0.78
"1114","sample_MM_cytoscanHD_30042019_1104_(CytoScanHD_Array)",0.7
"1115","sample_MM_cytoscanHD_30042019_1105_(CytoScanHD_Array)",0.84
"1116","sample_MM_cytoscanHD_30042019_1106_(CytoScanHD_Array)",0.93
"1117","sample_MM_cytoscanHD_30042019_1107_(CytoScanHD_Array)",0.67
"1118","sample_MM_cytoscanHD_30042019_1108_(CytoScanHD_Array)",0.51
"1119","sample_MM_cytoscanHD_30042019_1109_(CytoScanHD_Array)",1
"1120","sample_MM_cytoscanHD_30082019_1149_(CytoScanHD_Array)",0.87
"1121","sample_MM_cytoscanHD_30082019_1150_(CytoScanHD_Array)",0.71
"1122","sample_MM_cytoscanHD_30082019_1151_(CytoScanHD_Array)",0.76
"1123","sample_MM_cytoscanHD_30082019_1153_(CytoScanHD_Array)",0.79
"1124","sample_MM_cytoscanHD_30082019_1154_(CytoScanHD_Array)",0.66
"1125","sample_MM_cytoscanHD_30082019_1155_(CytoScanHD_Array)",1
"1126","sample_MM_cytoscanHD_30082019_1156_(CytoScanHD_Array)",0.24
"1127","sample_MM_cytoscanHD14032018_24+_(CytoScanHD_Array)",0.91
"1128","sample_MM_cytoscanHD14032018_939_(CytoScanHD_Array)",0.73
"1129","sample_MM_cytoscanHD14032018_940_(CytoScanHD_Array)",0.79
"1130","sample_MM_cytoscanHD14032018_941_(CytoScanHD_Array)",0.82
"1131","sample_MM_cytoscanHD14032018_942_(CytoScanHD_Array)",0.78
"1132","sample_MM_cytoscanHD14032018_943_(CytoScanHD_Array)",0.82
"1133","sample_MM_cytoscanHD14032018_944_(CytoScanHD_Array)",0.72
"1134","sample_MM_cytoscanHD14032018_946_(CytoScanHD_Array)",0.8
"1135","sample_MM_cytoscanHD14032018_947_(CytoScanHD_Array)",0.83
"1136","sample_MM_cytoscanHD22032018_945_(CytoScanHD_Array)",0.8
"1137","sample_MM_cytoscanHD22032018_949_(CytoScanHD_Array)",0.73
"1138","sample_MM_cytoscanHD22032018_950_(CytoScanHD_Array)",0.51
"1139","sample_MM_cytoscanHD22032018_951_(CytoScanHD_Array)",0.79
"1140","sample_MM_cytoscanHD22032018_952_(CytoScanHD_Array)",0.75
"1141","sample_MM_cytoscanHD22032018_953_(CytoScanHD_Array)",0.75
"1142","sample_MM_cytoscanHD22032018_954_(CytoScanHD_Array)",0.82
"1143","sample_MM_cytoscanHD22032018_955_(CytoScanHD_Array)",0.85
"1144","sample_MM_cytoscanHD24012018_918_(CytoScanHD_Array)",0.36
"1145","sample_MM_cytoscanHD24012018_919_(CytoScanHD_Array)",0.61
"1146","sample_MM_cytoscanHD24012018_920_(CytoScanHD_Array)",0.78
"1147","sample_MM_cytoscanHD24012018_921_(CytoScanHD_Array)",0.77
"1148","sample_MM_cytoscanHD24012018_922_(CytoScanHD_Array)",0.62
"1149","sample_MM_cytoscanHD24012018_923_(CytoScanHD_Array)",0.82
"1150","sample_MM_cytoscanHD24012018_924_(CytoScanHD_Array)",0.78
"1151","sample_MM_cytoscanHD24012018_926_(CytoScanHD_Array)",0.58
"1152","sample_MM_cytoscanHD26012018_+21_(CytoScanHD_Array)",0.93
"1153","sample_MM_cytoscanHD26012018_927_(CytoScanHD_Array)",0.52
"1154","sample_MM_cytoscanHD26012018_931_(CytoScanHD_Array)",0.95
"1155","sample_MM_cytoscanHD26012018_932_(CytoScanHD_Array)",0.76
"1156","sample_MM_cytoscanHD26012018_933_(CytoScanHD_Array)",0.8
"1157","sample_MM_cytoscanHD28022018_935_(CytoScanHD_Array)",0.76
"1158","sample_MM_cytoscanHD28022018_937_(CytoScanHD_Array)",0.87
"1159","sample_MM_cytoscanHD28022018_938_(CytoScanHD_Array)",0.88
"1160","sample_MM_cytoscanHD3042018_956_(CytoScanHD_Array)",0.81
"1161","sample_MM_cytoscanHD3042018_957_(CytoScanHD_Array)",0.75
"1162","sample_MM_cytoscanHD3042018_958_(CytoScanHD_Array)",0.8
"1163","sample_MM_cytoscanHD3042018_959_(CytoScanHD_Array)",0.84
"1164","sample_MM_cytoscanHD3042018_960_(CytoScanHD_Array)",0.83
"1165","sample_MM_cytoscanHD3042018_961_(CytoScanHD_Array)",0.85
"1166","sample_MM_cytoscanHD3042018_962_(CytoScanHD_Array)",0.78
"1167","sample_MM_cytoscanHD3042018_963_(CytoScanHD_Array)",0.95
"1168","sample_MM_cytoscanHD3042018_964_(CytoScanHD_Array)",0.82
"1169","sample_MM_cytoscanHD3042018_965_(CytoScanHD_Array)",0.89
"1170","20140616_MART_MM_Cyto425_(CytoScanHD_Array)",NA
"1171","MM_cytoscanHD_011518_907_(CytoScanHD_Array)",NA
"1172","MM_cytoscanHD_05022021_1300_(CytoScanHD_Array)",NA
"1173","MM_cytoscanHD_05022021_1300_(CytoScanHD_Array)_2",NA
"1174","MM_cytoscanHD_14092017_831_(CytoScanHD_Array)",NA
"1175","MM_cytoscanHD_18022021_1304_(CytoScanHD_Array)",NA
"1176","MM_cytoscanHD_18042019_1101_(CytoScanHD_Array)",NA
"1177","MM_cytoscanHD_22112019_1187_(CytoScanHD_Array)",NA
"1178","20090728_MART_MM_SNP29_(GenomeWideSNP_6)",NA
"1179","20100331_MART_MM_SNP60_(GenomeWideSNP_6)",NA
"1180","20110404_MART_MM_SNP85_(GenomeWideSNP_6)",NA
"1181","20110404_MART_MM_SNP86_(GenomeWideSNP_6)",NA
"1182","20110404_MART_MM_SNP87_(GenomeWideSNP_6)",NA
"1183","20110404_MART_MM_SNP88_(GenomeWideSNP_6)",NA
"1184","20110419_MART_MM_SNP90_(GenomeWideSNP_6)",NA
"1185","20110419_MART_MM_SNP91_(GenomeWideSNP_6)",NA
"1186","20110419_MART_MM_SNP96_(GenomeWideSNP_6)",NA
"1187","20110419_MART_MM_SNP97_(GenomeWideSNP_6)",NA
"1188","20110419_MART_MM_SNP98_(GenomeWideSNP_6)",NA
"1189","20110419_MART_MM_SNP99_(GenomeWideSNP_6)",NA
"1190","20110511_MART_MM_SNP90_(GenomeWideSNP_6)",NA
"1191","20110511_MART_MM_SNP91_(GenomeWideSNP_6)",NA
"1192","20110517_MART_MM_SNP92_(GenomeWideSNP_6)",NA
"1193","20110517_MART_MM_SNP93_(GenomeWideSNP_6)",NA
"1194","20110920_MART_MM_SNP120_(GenomeWideSNP_6)",NA
"1195","20111212_MART_MM_SNP150_(GenomeWideSNP_6)",NA
"1196","20111212_MART_MM_SNP151_(GenomeWideSNP_6)",NA
"1197","20111212_MART_MM_SNP152_(GenomeWideSNP_6)",NA
"1198","20120521_MART_MM_SNP178_(GenomeWideSNP_6)",NA
"1199","20120521_MART_MM_SNP179_(GenomeWideSNP_6)",NA
"1200","20120521_MART_MM_SNP180_(GenomeWideSNP_6)",NA
"1201","20120605_MART_MM_SNP181_(GenomeWideSNP_6)",NA
"1202","20120605_MART_MM_SNP182_(GenomeWideSNP_6)",NA
"1203","20120605_MART_MM_SNP183_(GenomeWideSNP_6)",NA
"1204","20120605_MART_MM_SNP184_(GenomeWideSNP_6)",NA
"1205","20120605_MART_MM_SNP185_(GenomeWideSNP_6)",NA
"1206","20120605_MART_MM_SNP186_(GenomeWideSNP_6)",NA
"1207","20120605_MART_MM_SNP187_(GenomeWideSNP_6)",NA
"1208","20120612_MART_MM_SNP189_(GenomeWideSNP_6)",NA
"1209","20120612_MART_MM_SNP190_(GenomeWideSNP_6)",NA
"1210","20120612_MART_MM_SNP191_(GenomeWideSNP_6)",NA
"1211","20120612_MART_MM_SNP192_(GenomeWideSNP_6)",NA
"1212","20120612_MART_MM_SNP194_(GenomeWideSNP_6)",NA
"1213","20120626_MART_MM_SNP188bis_(GenomeWideSNP_6)",NA
"1214","20120626_MART_MM_SNP189bis_(GenomeWideSNP_6)",NA
"1215","20120626_MART_MM_SNP195_(GenomeWideSNP_6)",NA
"1216","20120626_MART_MM_SNP196_(GenomeWideSNP_6)",NA
"1217","20120626_MART_MM_SNP198_(GenomeWideSNP_6)",NA
"1218","20120727_MART_MM_SNP205_(GenomeWideSNP_6)",NA
"1219","20130516_MART_MM_SNP270_(GenomeWideSNP_6)",NA
"1220","20130527_MART_MM_SNP280_(GenomeWideSNP_6)",NA
"1221","20131030_MART_MM_SNP332_(GenomeWideSNP_6)",NA
"1222","20131030_MART_MM_SNP333_(GenomeWideSNP_6)",NA
"1223","20131030_MART_MM_SNP334_(GenomeWideSNP_6)",NA
"1224","20131030_MART_MM_SNP335_(GenomeWideSNP_6)",NA
"1225","MM_cytoscanHD_1370_011221_(CytoScanHD_Array)",NA
"1226","MM_cytoscanHD_1371_011221_(CytoScanHD_Array)",NA
